freq	leg_stat	sex	unit	geo	2022 	2023 
A	ADM	CRT_BGHT	NR	Austria	50122.0	50610.0
A	ADM	CRT_BGHT	NR	Belgium	19736.0	24485.0
A	ADM	CRT_BGHT	NR	Bulgaria	28217.0	29222.0
A	ADM	CRT_BGHT	NR	Cyprus	11561.0	10381.0
A	ADM	CRT_BGHT	NR	Czechia	7702.0	7982.0
A	ADM	CRT_BGHT	NR	Germany	492802.0	501171.0
A	ADM	CRT_BGHT	NR	Denmark		
A	ADM	CRT_BGHT	NR	Estonia	2770.0	3081.0
A	ADM	CRT_BGHT	NR	Greece	52463.0	51130.0
A	ADM	CRT_BGHT	NR	Spain	183873.0	175295.0
A	ADM	CRT_BGHT	NR	Finland	21203.0	21317.0
A	ADM	CRT_BGHT	NR	France	241187.0	257329.0
A	ADM	CRT_BGHT	NR	Croatia	12724.0	15998.0
A	ADM	CRT_BGHT	NR	Hungary	19551.0	19431.0
A	ADM	CRT_BGHT	NR	Italy	51576.0	50324.0
A	ADM	CRT_BGHT	NR	Lithuania	23365.0	21425.0
A	ADM	CRT_BGHT	NR	Luxembourg	1151.0	1206.0
A	ADM	CRT_BGHT	NR	Latvia	1874.0	1566.0
A	ADM	CRT_BGHT	NR	Malta	141.0	149.0
A	ADM	CRT_BGHT	NR	Netherlands	92752.0	123615.0
A	ADM	CRT_BGHT	NR	Poland	77737.0	70158.0
A	ADM	CRT_BGHT	NR	Portugal	24212.0	25607.0
A	ADM	CRT_BGHT	NR	Romania	83439.0	80026.0
A	ADM	CRT_BGHT	NR	Sweden	152422.0	159552.0
A	ADM	CRT_BGHT	NR	Slovenia	2718.0	2648.0
A	ADM	CRT_BGHT	NR	Slovakia	5148.0	4613.0
A	ADM	CRT_BGHT	P_HTHAB	Austria	558.22	555.86
A	ADM	CRT_BGHT	P_HTHAB	Belgium	169.88	208.51
A	ADM	CRT_BGHT	P_HTHAB	Bulgaria	412.59	453.22
A	ADM	CRT_BGHT	P_HTHAB	Cyprus	1277.88	1093.79
A	ADM	CRT_BGHT	P_HTHAB	Czechia	73.24	73.72
A	ADM	CRT_BGHT	P_HTHAB	Germany	592.05	602.96
A	ADM	CRT_BGHT	P_HTHAB	Denmark		
A	ADM	CRT_BGHT	P_HTHAB	Estonia	207.99	225.57
A	ADM	CRT_BGHT	P_HTHAB	Greece	501.57	490.97
A	ADM	CRT_BGHT	P_HTHAB	Spain	387.65	364.55
A	ADM	CRT_BGHT	P_HTHAB	Finland	382.16	383.13
A	ADM	CRT_BGHT	P_HTHAB	France	355.36	376.89
A	ADM	CRT_BGHT	P_HTHAB	Croatia	329.44	415.44
A	ADM	CRT_BGHT	P_HTHAB	Hungary	201.79	202.41
A	ADM	CRT_BGHT	P_HTHAB	Italy	87.37	85.3
A	ADM	CRT_BGHT	P_HTHAB	Lithuania	832.68	749.84
A	ADM	CRT_BGHT	P_HTHAB	Luxembourg	178.34	182.5
A	ADM	CRT_BGHT	P_HTHAB	Latvia	99.91	83.16
A	ADM	CRT_BGHT	P_HTHAB	Malta	27.06	27.49
A	ADM	CRT_BGHT	P_HTHAB	Netherlands	527.28	694.03
A	ADM	CRT_BGHT	P_HTHAB	Poland	206.45	190.89
A	ADM	CRT_BGHT	P_HTHAB	Portugal	233.89	243.49
A	ADM	CRT_BGHT	P_HTHAB	Romania	438.17	419.98
A	ADM	CRT_BGHT	P_HTHAB	Sweden	1458.26	1516.43
A	ADM	CRT_BGHT	P_HTHAB	Slovenia	128.99	125.08
A	ADM	CRT_BGHT	P_HTHAB	Slovakia	94.72	84.97
A	ADM	CRT_PEN	NR	Austria	43686.0	43538.0
A	ADM	CRT_PEN	NR	Belgium	15128.0	19501.0
A	ADM	CRT_PEN	NR	Bulgaria	10019.0	9750.0
A	ADM	CRT_PEN	NR	Cyprus	12847.0	11840.0
A	ADM	CRT_PEN	NR	Czechia	5998.0	5132.0
A	ADM	CRT_PEN	NR	Germany	626514.0	583473.0
A	ADM	CRT_PEN	NR	Denmark		
A	ADM	CRT_PEN	NR	Estonia	1243.0	1338.0
A	ADM	CRT_PEN	NR	Greece	84744.0	74252.0
A	ADM	CRT_PEN	NR	Spain	180258.0	189337.0
A	ADM	CRT_PEN	NR	Finland	17009.0	16122.0
A	ADM	CRT_PEN	NR	France	200093.0	214292.0
A	ADM	CRT_PEN	NR	Croatia	5325.0	8408.0
A	ADM	CRT_PEN	NR	Hungary	6602.0	6433.0
A	ADM	CRT_PEN	NR	Italy	108292.0	99292.0
A	ADM	CRT_PEN	NR	Lithuania	4981.0	3953.0
A	ADM	CRT_PEN	NR	Luxembourg	1525.0	1550.0
A	ADM	CRT_PEN	NR	Latvia	1103.0	960.0
A	ADM	CRT_PEN	NR	Malta	397.0	429.0
A	ADM	CRT_PEN	NR	Netherlands	64877.0	79586.0
A	ADM	CRT_PEN	NR	Poland	34286.0	27458.0
A	ADM	CRT_PEN	NR	Portugal	55368.0	50145.0
A	ADM	CRT_PEN	NR	Romania	70899.0	77652.0
A	ADM	CRT_PEN	NR	Sweden	46214.0	38033.0
A	ADM	CRT_PEN	NR	Slovenia	3946.0	4167.0
A	ADM	CRT_PEN	NR	Slovakia	8501.0	9704.0
A	ADM	CRT_PEN	P_HTHAB	Austria	486.54	478.19
A	ADM	CRT_PEN	P_HTHAB	Belgium	130.22	166.07
A	ADM	CRT_PEN	P_HTHAB	Bulgaria	146.5	151.22
A	ADM	CRT_PEN	P_HTHAB	Cyprus	1420.02	1247.52
A	ADM	CRT_PEN	P_HTHAB	Czechia	57.03	47.4
A	ADM	CRT_PEN	P_HTHAB	Germany	752.69	701.98
A	ADM	CRT_PEN	P_HTHAB	Denmark		
A	ADM	CRT_PEN	P_HTHAB	Estonia	93.33	97.96
A	ADM	CRT_PEN	P_HTHAB	Greece	810.19	713.0
A	ADM	CRT_PEN	P_HTHAB	Spain	380.03	393.75
A	ADM	CRT_PEN	P_HTHAB	Finland	306.57	289.76
A	ADM	CRT_PEN	P_HTHAB	France	294.81	313.86
A	ADM	CRT_PEN	P_HTHAB	Croatia	137.87	218.34
A	ADM	CRT_PEN	P_HTHAB	Hungary	68.14	67.01
A	ADM	CRT_PEN	P_HTHAB	Italy	183.45	168.3
A	ADM	CRT_PEN	P_HTHAB	Lithuania	177.51	138.35
A	ADM	CRT_PEN	P_HTHAB	Luxembourg	236.29	234.56
A	ADM	CRT_PEN	P_HTHAB	Latvia	58.8	50.98
A	ADM	CRT_PEN	P_HTHAB	Malta	76.2	79.14
A	ADM	CRT_PEN	P_HTHAB	Netherlands	368.81	446.83
A	ADM	CRT_PEN	P_HTHAB	Poland	91.05	74.71
A	ADM	CRT_PEN	P_HTHAB	Portugal	534.85	476.82
A	ADM	CRT_PEN	P_HTHAB	Romania	372.32	407.52
A	ADM	CRT_PEN	P_HTHAB	Sweden	442.14	361.48
A	ADM	CRT_PEN	P_HTHAB	Slovenia	187.26	196.84
A	ADM	CRT_PEN	P_HTHAB	Slovakia	156.42	178.75
A	ADM	CRT_RESL	NR	Austria	56023.0	50758.0
A	ADM	CRT_RESL	NR	Belgium	19151.0	19783.0
A	ADM	CRT_RESL	NR	Bulgaria	28442.0	29501.0
A	ADM	CRT_RESL	NR	Cyprus	10176.0	11384.0
A	ADM	CRT_RESL	NR	Czechia	9729.0	8848.0
A	ADM	CRT_RESL	NR	Germany	560975.0	544561.0
A	ADM	CRT_RESL	NR	Denmark		
A	ADM	CRT_RESL	NR	Estonia	2736.0	2923.0
A	ADM	CRT_RESL	NR	Greece	66635.0	61780.0
A	ADM	CRT_RESL	NR	Spain	178091.0	167037.0
A	ADM	CRT_RESL	NR	Finland	22094.0	22366.0
A	ADM	CRT_RESL	NR	France	232332.0	243089.0
A	ADM	CRT_RESL	NR	Croatia	13589.0	13918.0
A	ADM	CRT_RESL	NR	Hungary	19226.0	19601.0
A	ADM	CRT_RESL	NR	Italy	68917.0	60916.0
A	ADM	CRT_RESL	NR	Lithuania	23006.0	22453.0
A	ADM	CRT_RESL	NR	Luxembourg	1054.0	1181.0
A	ADM	CRT_RESL	NR	Latvia	2008.0	1709.0
A	ADM	CRT_RESL	NR	Malta	134.0	116.0
A	ADM	CRT_RESL	NR	Netherlands	91969.0	108906.0
A	ADM	CRT_RESL	NR	Poland	76713.0	76855.0
A	ADM	CRT_RESL	NR	Portugal	27051.0	30669.0
A	ADM	CRT_RESL	NR	Romania	80633.0	73273.0
A	ADM	CRT_RESL	NR	Sweden	157642.0	167765.0
A	ADM	CRT_RESL	NR	Slovenia	2669.0	2427.0
A	ADM	CRT_RESL	NR	Slovakia	4790.0	3407.0
A	ADM	CRT_RESL	P_HTHAB	Austria	623.94	557.49
A	ADM	CRT_RESL	P_HTHAB	Belgium	164.84	168.47
A	ADM	CRT_RESL	P_HTHAB	Bulgaria	415.88	457.54
A	ADM	CRT_RESL	P_HTHAB	Cyprus	1124.79	1199.47
A	ADM	CRT_RESL	P_HTHAB	Czechia	92.51	81.72
A	ADM	CRT_RESL	P_HTHAB	Germany	673.95	655.16
A	ADM	CRT_RESL	P_HTHAB	Denmark		
A	ADM	CRT_RESL	P_HTHAB	Estonia	205.44	214.0
A	ADM	CRT_RESL	P_HTHAB	Greece	637.06	593.24
A	ADM	CRT_RESL	P_HTHAB	Spain	375.46	347.38
A	ADM	CRT_RESL	P_HTHAB	Finland	398.22	401.98
A	ADM	CRT_RESL	P_HTHAB	France	342.31	356.03
A	ADM	CRT_RESL	P_HTHAB	Croatia	351.84	361.42
A	ADM	CRT_RESL	P_HTHAB	Hungary	198.43	204.18
A	ADM	CRT_RESL	P_HTHAB	Italy	116.75	103.25
A	ADM	CRT_RESL	P_HTHAB	Lithuania	819.89	785.82
A	ADM	CRT_RESL	P_HTHAB	Luxembourg	163.31	178.72
A	ADM	CRT_RESL	P_HTHAB	Latvia	107.05	90.76
A	ADM	CRT_RESL	P_HTHAB	Malta	25.72	21.4
A	ADM	CRT_RESL	P_HTHAB	Netherlands	522.83	611.44
A	ADM	CRT_RESL	P_HTHAB	Poland	203.73	209.11
A	ADM	CRT_RESL	P_HTHAB	Portugal	261.31	291.62
A	ADM	CRT_RESL	P_HTHAB	Romania	423.44	384.54
A	ADM	CRT_RESL	P_HTHAB	Sweden	1508.2	1594.49
A	ADM	CRT_RESL	P_HTHAB	Slovenia	126.66	114.64
A	ADM	CRT_RESL	P_HTHAB	Slovakia	88.14	62.76
A	CIV_COM_LITIG	CRT_BGHT	NR	Austria	72872.0	80628.0
A	CIV_COM_LITIG	CRT_BGHT	NR	Belgium	669454.0	681517.0
A	CIV_COM_LITIG	CRT_BGHT	NR	Bulgaria		129124.0
A	CIV_COM_LITIG	CRT_BGHT	NR	Czechia	313501.0	340690.0
A	CIV_COM_LITIG	CRT_BGHT	NR	Germany	1001693.0	1074315.0
A	CIV_COM_LITIG	CRT_BGHT	NR	Denmark	47020.0	54486.0
A	CIV_COM_LITIG	CRT_BGHT	NR	Estonia	16739.0	17665.0
A	CIV_COM_LITIG	CRT_BGHT	NR	Greece	140011.0	143045.0
A	CIV_COM_LITIG	CRT_BGHT	NR	Spain	1372020.0	1519906.0
A	CIV_COM_LITIG	CRT_BGHT	NR	Finland	8048.0	9798.0
A	CIV_COM_LITIG	CRT_BGHT	NR	France	1346826.0	1461353.0
A	CIV_COM_LITIG	CRT_BGHT	NR	Croatia	97317.0	105751.0
A	CIV_COM_LITIG	CRT_BGHT	NR	Hungary	119747.0	124436.0
A	CIV_COM_LITIG	CRT_BGHT	NR	Ireland	102921.0	113457.0
A	CIV_COM_LITIG	CRT_BGHT	NR	Italy	1313157.0	1270574.0
A	CIV_COM_LITIG	CRT_BGHT	NR	Lithuania	87823.0	83997.0
A	CIV_COM_LITIG	CRT_BGHT	NR	Luxembourg	6808.0	6761.0
A	CIV_COM_LITIG	CRT_BGHT	NR	Latvia	29977.0	30050.0
A	CIV_COM_LITIG	CRT_BGHT	NR	Malta	10457.0	10660.0
A	CIV_COM_LITIG	CRT_BGHT	NR	Poland	886821.0	978903.0
A	CIV_COM_LITIG	CRT_BGHT	NR	Portugal	262708.0	263831.0
A	CIV_COM_LITIG	CRT_BGHT	NR	Romania	1332192.0	1495992.0
A	CIV_COM_LITIG	CRT_BGHT	NR	Sweden	60817.0	67827.0
A	CIV_COM_LITIG	CRT_BGHT	NR	Slovenia	29285.0	28710.0
A	CIV_COM_LITIG	CRT_BGHT	NR	Slovakia	99685.0	90807.0
A	CIV_COM_LITIG	CRT_BGHT	P_HTHAB	Austria	811.59	885.56
A	CIV_COM_LITIG	CRT_BGHT	P_HTHAB	Belgium	5762.4	5803.7
A	CIV_COM_LITIG	CRT_BGHT	P_HTHAB	Bulgaria		2002.63
A	CIV_COM_LITIG	CRT_BGHT	P_HTHAB	Czechia	2980.98	3146.52
A	CIV_COM_LITIG	CRT_BGHT	P_HTHAB	Germany	1203.42	1292.51
A	CIV_COM_LITIG	CRT_BGHT	P_HTHAB	Denmark	800.56	918.41
A	CIV_COM_LITIG	CRT_BGHT	P_HTHAB	Estonia	1256.87	1293.3
A	CIV_COM_LITIG	CRT_BGHT	P_HTHAB	Greece	1338.57	1373.59
A	CIV_COM_LITIG	CRT_BGHT	P_HTHAB	Spain	2892.55	3160.85
A	CIV_COM_LITIG	CRT_BGHT	P_HTHAB	Finland	145.05	176.1
A	CIV_COM_LITIG	CRT_BGHT	P_HTHAB	France	1984.36	2140.32
A	CIV_COM_LITIG	CRT_BGHT	P_HTHAB	Croatia	2519.66	2746.14
A	CIV_COM_LITIG	CRT_BGHT	P_HTHAB	Hungary	1235.91	1296.24
A	CIV_COM_LITIG	CRT_BGHT	P_HTHAB	Ireland	2034.01	2152.31
A	CIV_COM_LITIG	CRT_BGHT	P_HTHAB	Italy	2224.55	2153.62
A	CIV_COM_LITIG	CRT_BGHT	P_HTHAB	Lithuania	3129.83	2939.75
A	CIV_COM_LITIG	CRT_BGHT	P_HTHAB	Luxembourg	1054.85	1023.14
A	CIV_COM_LITIG	CRT_BGHT	P_HTHAB	Latvia	1598.13	1595.85
A	CIV_COM_LITIG	CRT_BGHT	P_HTHAB	Malta	2007.21	1966.6
A	CIV_COM_LITIG	CRT_BGHT	P_HTHAB	Poland	2355.17	2663.41
A	CIV_COM_LITIG	CRT_BGHT	P_HTHAB	Portugal	2537.74	2508.71
A	CIV_COM_LITIG	CRT_BGHT	P_HTHAB	Romania	6995.9	7851.1
A	CIV_COM_LITIG	CRT_BGHT	P_HTHAB	Sweden	581.85	644.65
A	CIV_COM_LITIG	CRT_BGHT	P_HTHAB	Slovenia	1389.77	1356.18
A	CIV_COM_LITIG	CRT_BGHT	P_HTHAB	Slovakia	1834.23	1672.69
A	CIV_COM_LITIG	CRT_PEN	NR	Austria	28408.0	30343.0
A	CIV_COM_LITIG	CRT_PEN	NR	Belgium		451034.0
A	CIV_COM_LITIG	CRT_PEN	NR	Bulgaria		67271.0
A	CIV_COM_LITIG	CRT_PEN	NR	Czechia	117684.0	118658.0
A	CIV_COM_LITIG	CRT_PEN	NR	Germany	684818.0	712976.0
A	CIV_COM_LITIG	CRT_PEN	NR	Denmark	31979.0	36586.0
A	CIV_COM_LITIG	CRT_PEN	NR	Estonia	7146.0	8657.0
A	CIV_COM_LITIG	CRT_PEN	NR	Greece	265990.0	277588.0
A	CIV_COM_LITIG	CRT_PEN	NR	Spain	1323049.0	1555495.0
A	CIV_COM_LITIG	CRT_PEN	NR	Finland	7248.0	8368.0
A	CIV_COM_LITIG	CRT_PEN	NR	France	1258249.0	1361614.0
A	CIV_COM_LITIG	CRT_PEN	NR	Croatia	158445.0	158947.0
A	CIV_COM_LITIG	CRT_PEN	NR	Hungary	45928.0	45900.0
A	CIV_COM_LITIG	CRT_PEN	NR	Italy	2027478.0	1957629.0
A	CIV_COM_LITIG	CRT_PEN	NR	Lithuania	27688.0	27642.0
A	CIV_COM_LITIG	CRT_PEN	NR	Luxembourg	3328.0	3802.0
A	CIV_COM_LITIG	CRT_PEN	NR	Latvia	17010.0	16827.0
A	CIV_COM_LITIG	CRT_PEN	NR	Malta	12260.0	12607.0
A	CIV_COM_LITIG	CRT_PEN	NR	Poland	863215.0	911474.0
A	CIV_COM_LITIG	CRT_PEN	NR	Portugal	176256.0	185895.0
A	CIV_COM_LITIG	CRT_PEN	NR	Romania	563035.0	769823.0
A	CIV_COM_LITIG	CRT_PEN	NR	Sweden	25773.0	28111.0
A	CIV_COM_LITIG	CRT_PEN	NR	Slovenia	27684.0	27372.0
A	CIV_COM_LITIG	CRT_PEN	NR	Slovakia	49427.0	45100.0
A	CIV_COM_LITIG	CRT_PEN	P_HTHAB	Austria	316.39	333.26
A	CIV_COM_LITIG	CRT_PEN	P_HTHAB	Belgium		3840.94
A	CIV_COM_LITIG	CRT_PEN	P_HTHAB	Bulgaria		1043.33
A	CIV_COM_LITIG	CRT_PEN	P_HTHAB	Czechia	1119.02	1095.89
A	CIV_COM_LITIG	CRT_PEN	P_HTHAB	Germany	822.73	857.78
A	CIV_COM_LITIG	CRT_PEN	P_HTHAB	Denmark	544.47	616.69
A	CIV_COM_LITIG	CRT_PEN	P_HTHAB	Estonia	536.57	633.8
A	CIV_COM_LITIG	CRT_PEN	P_HTHAB	Greece	2542.98	2665.53
A	CIV_COM_LITIG	CRT_PEN	P_HTHAB	Spain	2789.31	3234.86
A	CIV_COM_LITIG	CRT_PEN	P_HTHAB	Finland	130.64	150.4
A	CIV_COM_LITIG	CRT_PEN	P_HTHAB	France	1853.86	1994.24
A	CIV_COM_LITIG	CRT_PEN	P_HTHAB	Croatia	4102.34	4127.54
A	CIV_COM_LITIG	CRT_PEN	P_HTHAB	Hungary	474.02	478.14
A	CIV_COM_LITIG	CRT_PEN	P_HTHAB	Italy	3434.65	3318.17
A	CIV_COM_LITIG	CRT_PEN	P_HTHAB	Lithuania	986.74	967.42
A	CIV_COM_LITIG	CRT_PEN	P_HTHAB	Luxembourg	515.65	575.36
A	CIV_COM_LITIG	CRT_PEN	P_HTHAB	Latvia	906.83	893.62
A	CIV_COM_LITIG	CRT_PEN	P_HTHAB	Malta	2353.3	2325.8
A	CIV_COM_LITIG	CRT_PEN	P_HTHAB	Poland	2292.48	2479.95
A	CIV_COM_LITIG	CRT_PEN	P_HTHAB	Portugal	1702.62	1767.63
A	CIV_COM_LITIG	CRT_PEN	P_HTHAB	Romania	2956.74	4040.1
A	CIV_COM_LITIG	CRT_PEN	P_HTHAB	Sweden	246.58	267.18
A	CIV_COM_LITIG	CRT_PEN	P_HTHAB	Slovenia	1313.79	1292.98
A	CIV_COM_LITIG	CRT_PEN	P_HTHAB	Slovakia	909.47	830.76
A	CIV_COM_LITIG	CRT_RESL	NR	Austria	73270.0	78693.0
A	CIV_COM_LITIG	CRT_RESL	NR	Belgium	685134.0	669324.0
A	CIV_COM_LITIG	CRT_RESL	NR	Bulgaria		131762.0
A	CIV_COM_LITIG	CRT_RESL	NR	Czechia	320347.0	345003.0
A	CIV_COM_LITIG	CRT_RESL	NR	Germany	1037598.0	1046066.0
A	CIV_COM_LITIG	CRT_RESL	NR	Denmark	43556.0	50453.0
A	CIV_COM_LITIG	CRT_RESL	NR	Estonia	16509.0	16159.0
A	CIV_COM_LITIG	CRT_RESL	NR	Greece	130171.0	131447.0
A	CIV_COM_LITIG	CRT_RESL	NR	Spain	1343849.0	1278752.0
A	CIV_COM_LITIG	CRT_RESL	NR	Finland	8086.0	8749.0
A	CIV_COM_LITIG	CRT_RESL	NR	France	1380745.0	1402464.0
A	CIV_COM_LITIG	CRT_RESL	NR	Croatia	141052.0	108911.0
A	CIV_COM_LITIG	CRT_RESL	NR	Hungary	124822.0	124464.0
A	CIV_COM_LITIG	CRT_RESL	NR	Ireland	72937.0	81902.0
A	CIV_COM_LITIG	CRT_RESL	NR	Italy	1371212.0	1397862.0
A	CIV_COM_LITIG	CRT_RESL	NR	Lithuania	87018.0	84043.0
A	CIV_COM_LITIG	CRT_RESL	NR	Luxembourg	6689.0	6287.0
A	CIV_COM_LITIG	CRT_RESL	NR	Latvia	29759.0	30173.0
A	CIV_COM_LITIG	CRT_RESL	NR	Malta	9118.0	10141.0
A	CIV_COM_LITIG	CRT_RESL	NR	Netherlands	123994.0	124533.0
A	CIV_COM_LITIG	CRT_RESL	NR	Poland	870959.0	930609.0
A	CIV_COM_LITIG	CRT_RESL	NR	Portugal	270366.0	253653.0
A	CIV_COM_LITIG	CRT_RESL	NR	Romania	1282368.0	1289204.0
A	CIV_COM_LITIG	CRT_RESL	NR	Sweden	61807.0	65517.0
A	CIV_COM_LITIG	CRT_RESL	NR	Slovenia	30007.0	29001.0
A	CIV_COM_LITIG	CRT_RESL	NR	Slovakia	107486.0	95363.0
A	CIV_COM_LITIG	CRT_RESL	P_HTHAB	Austria	816.02	864.31
A	CIV_COM_LITIG	CRT_RESL	P_HTHAB	Belgium	5897.37	5699.87
A	CIV_COM_LITIG	CRT_RESL	P_HTHAB	Bulgaria		2043.55
A	CIV_COM_LITIG	CRT_RESL	P_HTHAB	Czechia	3046.08	3186.35
A	CIV_COM_LITIG	CRT_RESL	P_HTHAB	Germany	1246.56	1258.52
A	CIV_COM_LITIG	CRT_RESL	P_HTHAB	Denmark	741.58	850.43
A	CIV_COM_LITIG	CRT_RESL	P_HTHAB	Estonia	1239.6	1183.04
A	CIV_COM_LITIG	CRT_RESL	P_HTHAB	Greece	1244.49	1262.22
A	CIV_COM_LITIG	CRT_RESL	P_HTHAB	Spain	2833.16	2659.34
A	CIV_COM_LITIG	CRT_RESL	P_HTHAB	Finland	145.74	157.24
A	CIV_COM_LITIG	CRT_RESL	P_HTHAB	France	2034.34	2054.07
A	CIV_COM_LITIG	CRT_RESL	P_HTHAB	Croatia	3652.02	2828.2
A	CIV_COM_LITIG	CRT_RESL	P_HTHAB	Hungary	1288.28	1296.53
A	CIV_COM_LITIG	CRT_RESL	P_HTHAB	Ireland	1441.44	1553.71
A	CIV_COM_LITIG	CRT_RESL	P_HTHAB	Italy	2322.9	2369.37
A	CIV_COM_LITIG	CRT_RESL	P_HTHAB	Lithuania	3101.14	2941.36
A	CIV_COM_LITIG	CRT_RESL	P_HTHAB	Luxembourg	1036.42	951.41
A	CIV_COM_LITIG	CRT_RESL	P_HTHAB	Latvia	1586.51	1602.38
A	CIV_COM_LITIG	CRT_RESL	P_HTHAB	Malta	1750.19	1870.86
A	CIV_COM_LITIG	CRT_RESL	P_HTHAB	Netherlands	704.88	699.18
A	CIV_COM_LITIG	CRT_RESL	P_HTHAB	Poland	2313.04	2532.01
A	CIV_COM_LITIG	CRT_RESL	P_HTHAB	Portugal	2611.72	2411.92
A	CIV_COM_LITIG	CRT_RESL	P_HTHAB	Romania	6734.26	6765.86
A	CIV_COM_LITIG	CRT_RESL	P_HTHAB	Sweden	591.32	622.69
A	CIV_COM_LITIG	CRT_RESL	P_HTHAB	Slovenia	1424.04	1369.93
A	CIV_COM_LITIG	CRT_RESL	P_HTHAB	Slovakia	1977.77	1756.62
A	CRIM	CRT_BGHT	NR	Austria	68549.0	72123.0
A	CRIM	CRT_BGHT	NR	Belgium	214447.0	194339.0
A	CRIM	CRT_BGHT	NR	Bulgaria	124178.0	131222.0
A	CRIM	CRT_BGHT	NR	Cyprus	81716.0	71877.0
A	CRIM	CRT_BGHT	NR	Czechia	65299.0	67941.0
A	CRIM	CRT_BGHT	NR	Germany	1083575.0	1087237.0
A	CRIM	CRT_BGHT	NR	Denmark	153429.0	160955.0
A	CRIM	CRT_BGHT	NR	Estonia	17512.0	16289.0
A	CRIM	CRT_BGHT	NR	Greece	264496.0	198751.0
A	CRIM	CRT_BGHT	NR	Spain	766522.0	795592.0
A	CRIM	CRT_BGHT	NR	Finland	64657.0	69860.0
A	CRIM	CRT_BGHT	NR	France	980570.0	970491.0
A	CRIM	CRT_BGHT	NR	Croatia	161484.0	160011.0
A	CRIM	CRT_BGHT	NR	Hungary	367009.0	371864.0
A	CRIM	CRT_BGHT	NR	Ireland	360029.0	349283.0
A	CRIM	CRT_BGHT	NR	Italy	1100891.0	1106619.0
A	CRIM	CRT_BGHT	NR	Lithuania	15413.0	15258.0
A	CRIM	CRT_BGHT	NR	Latvia	8930.0	9350.0
A	CRIM	CRT_BGHT	NR	Malta	12317.0	13716.0
A	CRIM	CRT_BGHT	NR	Netherlands	260380.0	256295.0
A	CRIM	CRT_BGHT	NR	Poland	2027558.0	2009191.0
A	CRIM	CRT_BGHT	NR	Portugal	78716.0	78536.0
A	CRIM	CRT_BGHT	NR	Romania	366408.0	373810.0
A	CRIM	CRT_BGHT	NR	Sweden	122018.0	126223.0
A	CRIM	CRT_BGHT	NR	Slovenia	72615.0	73754.0
A	CRIM	CRT_BGHT	NR	Slovakia	65246.0	65612.0
A	CRIM	CRT_BGHT	P_HTHAB	Austria	763.44	792.15
A	CRIM	CRT_BGHT	P_HTHAB	Belgium	1845.88	1654.96
A	CRIM	CRT_BGHT	P_HTHAB	Bulgaria	1815.75	2035.17
A	CRIM	CRT_BGHT	P_HTHAB	Cyprus	9032.34	7573.3
A	CRIM	CRT_BGHT	P_HTHAB	Czechia	620.91	627.48
A	CRIM	CRT_BGHT	P_HTHAB	Germany	1301.79	1308.06
A	CRIM	CRT_BGHT	P_HTHAB	Denmark	2612.26	2713.04
A	CRIM	CRT_BGHT	P_HTHAB	Estonia	1314.92	1192.56
A	CRIM	CRT_BGHT	P_HTHAB	Greece	2528.7	1908.5
A	CRIM	CRT_BGHT	P_HTHAB	Spain	1616.01	1654.54
A	CRIM	CRT_BGHT	P_HTHAB	Finland	1165.36	1255.58
A	CRIM	CRT_BGHT	P_HTHAB	France	1444.74	1421.4
A	CRIM	CRT_BGHT	P_HTHAB	Croatia	4181.03	4155.17
A	CRIM	CRT_BGHT	P_HTHAB	Hungary	3787.89	3873.69
A	CRIM	CRT_BGHT	P_HTHAB	Ireland	7115.19	6626.01
A	CRIM	CRT_BGHT	P_HTHAB	Italy	1864.96	1875.71
A	CRIM	CRT_BGHT	P_HTHAB	Lithuania	549.29	534.0
A	CRIM	CRT_BGHT	P_HTHAB	Latvia	476.07	496.55
A	CRIM	CRT_BGHT	P_HTHAB	Malta	2364.24	2530.39
A	CRIM	CRT_BGHT	P_HTHAB	Netherlands	1480.22	1438.95
A	CRIM	CRT_BGHT	P_HTHAB	Poland	5384.67	5466.63
A	CRIM	CRT_BGHT	P_HTHAB	Portugal	760.39	746.78
A	CRIM	CRT_BGHT	P_HTHAB	Romania	1924.16	1961.79
A	CRIM	CRT_BGHT	P_HTHAB	Sweden	1167.38	1199.66
A	CRIM	CRT_BGHT	P_HTHAB	Slovenia	3446.07	3483.94
A	CRIM	CRT_BGHT	P_HTHAB	Slovakia	1200.54	1208.59
A	CRIM	CRT_PEN	NR	Austria	22885.0	21606.0
A	CRIM	CRT_PEN	NR	Belgium		36188.0
A	CRIM	CRT_PEN	NR	Bulgaria	21007.0	19846.0
A	CRIM	CRT_PEN	NR	Cyprus	58385.0	54300.0
A	CRIM	CRT_PEN	NR	Czechia	10151.0	9843.0
A	CRIM	CRT_PEN	NR	Denmark	32254.0	40952.0
A	CRIM	CRT_PEN	NR	Estonia	1693.0	1372.0
A	CRIM	CRT_PEN	NR	Greece	113307.0	174083.0
A	CRIM	CRT_PEN	NR	Spain	419948.0	484486.0
A	CRIM	CRT_PEN	NR	Finland	29093.0	31575.0
A	CRIM	CRT_PEN	NR	Croatia	113008.0	119723.0
A	CRIM	CRT_PEN	NR	Hungary	44923.0	46148.0
A	CRIM	CRT_PEN	NR	Italy	1118090.0	944012.0
A	CRIM	CRT_PEN	NR	Lithuania	3110.0	3009.0
A	CRIM	CRT_PEN	NR	Latvia	4308.0	4542.0
A	CRIM	CRT_PEN	NR	Malta	16499.0	19860.0
A	CRIM	CRT_PEN	NR	Netherlands	60750.0	59282.0
A	CRIM	CRT_PEN	NR	Poland	383288.0	375593.0
A	CRIM	CRT_PEN	NR	Portugal	45325.0	47660.0
A	CRIM	CRT_PEN	NR	Romania	111047.0	118121.0
A	CRIM	CRT_PEN	NR	Sweden	46430.0	46368.0
A	CRIM	CRT_PEN	NR	Slovenia	29740.0	30885.0
A	CRIM	CRT_PEN	NR	Slovakia	23645.0	23904.0
A	CRIM	CRT_PEN	P_HTHAB	Austria	254.87	237.3
A	CRIM	CRT_PEN	P_HTHAB	Belgium		308.17
A	CRIM	CRT_PEN	P_HTHAB	Bulgaria	307.17	307.8
A	CRIM	CRT_PEN	P_HTHAB	Cyprus	6453.48	5721.31
A	CRIM	CRT_PEN	P_HTHAB	Czechia	96.52	90.91
A	CRIM	CRT_PEN	P_HTHAB	Denmark	549.15	690.28
A	CRIM	CRT_PEN	P_HTHAB	Estonia	127.12	100.45
A	CRIM	CRT_PEN	P_HTHAB	Greece	1083.26	1671.63
A	CRIM	CRT_PEN	P_HTHAB	Spain	885.35	1007.55
A	CRIM	CRT_PEN	P_HTHAB	Finland	524.36	567.49
A	CRIM	CRT_PEN	P_HTHAB	Croatia	2925.92	3108.97
A	CRIM	CRT_PEN	P_HTHAB	Hungary	463.65	480.72
A	CRIM	CRT_PEN	P_HTHAB	Italy	1894.1	1600.1
A	CRIM	CRT_PEN	P_HTHAB	Lithuania	110.83	105.31
A	CRIM	CRT_PEN	P_HTHAB	Latvia	229.67	241.21
A	CRIM	CRT_PEN	P_HTHAB	Malta	3166.97	3663.86
A	CRIM	CRT_PEN	P_HTHAB	Netherlands	345.35	332.83
A	CRIM	CRT_PEN	P_HTHAB	Poland	1017.91	1021.92
A	CRIM	CRT_PEN	P_HTHAB	Portugal	437.84	453.19
A	CRIM	CRT_PEN	P_HTHAB	Romania	583.15	619.91
A	CRIM	CRT_PEN	P_HTHAB	Sweden	444.21	440.7
A	CRIM	CRT_PEN	P_HTHAB	Slovenia	1411.36	1458.92
A	CRIM	CRT_PEN	P_HTHAB	Slovakia	435.07	440.32
A	CRIM	CRT_RESL	NR	Austria	69435.0	73402.0
A	CRIM	CRT_RESL	NR	Belgium	214735.0	193588.0
A	CRIM	CRT_RESL	NR	Bulgaria	126366.0	132382.0
A	CRIM	CRT_RESL	NR	Cyprus	66194.0	75962.0
A	CRIM	CRT_RESL	NR	Czechia	66020.0	68250.0
A	CRIM	CRT_RESL	NR	Denmark	152630.0	155976.0
A	CRIM	CRT_RESL	NR	Estonia	17270.0	16484.0
A	CRIM	CRT_RESL	NR	Greece	185752.0	138028.0
A	CRIM	CRT_RESL	NR	Spain	755978.0	742983.0
A	CRIM	CRT_RESL	NR	Finland	64657.0	66434.0
A	CRIM	CRT_RESL	NR	France	928818.0	942408.0
A	CRIM	CRT_RESL	NR	Croatia	174710.0	156254.0
A	CRIM	CRT_RESL	NR	Hungary	373018.0	370639.0
A	CRIM	CRT_RESL	NR	Ireland	291164.0	320586.0
A	CRIM	CRT_RESL	NR	Italy	1150967.0	1224476.0
A	CRIM	CRT_RESL	NR	Lithuania	15545.0	15359.0
A	CRIM	CRT_RESL	NR	Luxembourg	14015.0	14455.0
A	CRIM	CRT_RESL	NR	Latvia	9200.0	9186.0
A	CRIM	CRT_RESL	NR	Malta	11430.0	10164.0
A	CRIM	CRT_RESL	NR	Netherlands	250241.0	257769.0
A	CRIM	CRT_RESL	NR	Poland	2044536.0	2016887.0
A	CRIM	CRT_RESL	NR	Portugal	78261.0	75661.0
A	CRIM	CRT_RESL	NR	Romania	357069.0	366736.0
A	CRIM	CRT_RESL	NR	Sweden	122925.0	126312.0
A	CRIM	CRT_RESL	NR	Slovenia	74258.0	72593.0
A	CRIM	CRT_RESL	NR	Slovakia	64745.0	65353.0
A	CRIM	CRT_RESL	P_HTHAB	Austria	773.31	806.19
A	CRIM	CRT_RESL	P_HTHAB	Belgium	1848.36	1648.57
A	CRIM	CRT_RESL	P_HTHAB	Bulgaria	1847.74	2053.16
A	CRIM	CRT_RESL	P_HTHAB	Cyprus	7316.64	8003.72
A	CRIM	CRT_RESL	P_HTHAB	Czechia	627.76	630.34
A	CRIM	CRT_RESL	P_HTHAB	Denmark	2598.66	2629.11
A	CRIM	CRT_RESL	P_HTHAB	Estonia	1296.75	1206.84
A	CRIM	CRT_RESL	P_HTHAB	Greece	1775.87	1325.41
A	CRIM	CRT_RESL	P_HTHAB	Spain	1593.78	1545.13
A	CRIM	CRT_RESL	P_HTHAB	Finland	1165.36	1194.0
A	CRIM	CRT_RESL	P_HTHAB	France	1368.49	1380.27
A	CRIM	CRT_RESL	P_HTHAB	Croatia	4523.46	4057.6
A	CRIM	CRT_RESL	P_HTHAB	Hungary	3849.91	3860.93
A	CRIM	CRT_RESL	P_HTHAB	Ireland	5754.22	6081.62
A	CRIM	CRT_RESL	P_HTHAB	Italy	1949.8	2075.48
A	CRIM	CRT_RESL	P_HTHAB	Lithuania	553.99	537.54
A	CRIM	CRT_RESL	P_HTHAB	Luxembourg	2171.53	2187.47
A	CRIM	CRT_RESL	P_HTHAB	Latvia	490.47	487.84
A	CRIM	CRT_RESL	P_HTHAB	Malta	2193.98	1875.1
A	CRIM	CRT_RESL	P_HTHAB	Netherlands	1422.58	1447.22
A	CRIM	CRT_RESL	P_HTHAB	Poland	5429.76	5487.57
A	CRIM	CRT_RESL	P_HTHAB	Portugal	756.0	719.44
A	CRIM	CRT_RESL	P_HTHAB	Romania	1875.12	1924.66
A	CRIM	CRT_RESL	P_HTHAB	Sweden	1176.05	1200.51
A	CRIM	CRT_RESL	P_HTHAB	Slovenia	3524.05	3429.1
A	CRIM	CRT_RESL	P_HTHAB	Slovakia	1191.32	1203.82
A	NCRIM	CRT_BGHT	NR	Austria	3170632.0	3227078.0
A	NCRIM	CRT_BGHT	NR	Belgium	975493.0	1115424.0
A	NCRIM	CRT_BGHT	NR	Bulgaria	322794.0	328867.0
A	NCRIM	CRT_BGHT	NR	Cyprus	28202.0	27878.0
A	NCRIM	CRT_BGHT	NR	Czechia	931749.0	956587.0
A	NCRIM	CRT_BGHT	NR	Denmark	2884662.0	2388978.0
A	NCRIM	CRT_BGHT	NR	Estonia	319774.0	328254.0
A	NCRIM	CRT_BGHT	NR	Greece	214619.0	219416.0
A	NCRIM	CRT_BGHT	NR	Spain	2834976.0	3088809.0
A	NCRIM	CRT_BGHT	NR	Finland	458372.0	517344.0
A	NCRIM	CRT_BGHT	NR	France	2434599.0	2642957.0
A	NCRIM	CRT_BGHT	NR	Croatia	1013811.0	994028.0
A	NCRIM	CRT_BGHT	NR	Hungary	654184.0	676322.0
A	NCRIM	CRT_BGHT	NR	Ireland	183615.0	199589.0
A	NCRIM	CRT_BGHT	NR	Italy	3074970.0	2996457.0
A	NCRIM	CRT_BGHT	NR	Lithuania	184724.0	183124.0
A	NCRIM	CRT_BGHT	NR	Luxembourg	11983.0	12330.0
A	NCRIM	CRT_BGHT	NR	Latvia	369949.0	354094.0
A	NCRIM	CRT_BGHT	NR	Malta	13656.0	14202.0
A	NCRIM	CRT_BGHT	NR	Netherlands	1088809.0	1091103.0
A	NCRIM	CRT_BGHT	NR	Poland	10117066.0	10215282.0
A	NCRIM	CRT_BGHT	NR	Romania	1446296.0	1614973.0
A	NCRIM	CRT_BGHT	NR	Sweden	240063.0	253507.0
A	NCRIM	CRT_BGHT	NR	Slovenia	579770.0	576612.0
A	NCRIM	CRT_BGHT	NR	Slovakia	782082.0	653664.0
A	NCRIM	CRT_BGHT	P_HTHAB	Austria	35311.92	35443.81
A	NCRIM	CRT_BGHT	P_HTHAB	Belgium	8396.67	9498.79
A	NCRIM	CRT_BGHT	P_HTHAB	Bulgaria	4719.94	5100.52
A	NCRIM	CRT_BGHT	P_HTHAB	Cyprus	3117.26	2937.36
A	NCRIM	CRT_BGHT	P_HTHAB	Czechia	8859.7	8834.77
A	NCRIM	CRT_BGHT	P_HTHAB	Denmark	49113.84	40268.28
A	NCRIM	CRT_BGHT	P_HTHAB	Estonia	24010.73	24032.35
A	NCRIM	CRT_BGHT	P_HTHAB	Greece	2051.85	2106.94
A	NCRIM	CRT_BGHT	P_HTHAB	Spain	5976.81	6423.6
A	NCRIM	CRT_BGHT	P_HTHAB	Finland	8261.57	9298.11
A	NCRIM	CRT_BGHT	P_HTHAB	France	3587.05	3870.92
A	NCRIM	CRT_BGHT	P_HTHAB	Croatia	26248.86	25812.92
A	NCRIM	CRT_BGHT	P_HTHAB	Hungary	6751.81	7045.21
A	NCRIM	CRT_BGHT	P_HTHAB	Ireland	3628.75	3786.27
A	NCRIM	CRT_BGHT	P_HTHAB	Italy	5209.15	5078.98
A	NCRIM	CRT_BGHT	P_HTHAB	Lithuania	6583.18	6409.03
A	NCRIM	CRT_BGHT	P_HTHAB	Luxembourg	1856.69	1865.89
A	NCRIM	CRT_BGHT	P_HTHAB	Latvia	19722.65	18804.7
A	NCRIM	CRT_BGHT	P_HTHAB	Malta	2621.26	2620.05
A	NCRIM	CRT_BGHT	P_HTHAB	Netherlands	6189.7	6125.91
A	NCRIM	CRT_BGHT	P_HTHAB	Poland	26868.33	27793.86
A	NCRIM	CRT_BGHT	P_HTHAB	Romania	7595.11	8475.53
A	NCRIM	CRT_BGHT	P_HTHAB	Sweden	2296.74	2409.41
A	NCRIM	CRT_BGHT	P_HTHAB	Slovenia	27514.02	27237.58
A	NCRIM	CRT_BGHT	P_HTHAB	Slovakia	14390.5	12040.69
A	NCRIM	CRT_PEN	NR	Austria	3159103.0	3248665.0
A	NCRIM	CRT_PEN	NR	Belgium	990588.0	1098529.0
A	NCRIM	CRT_PEN	NR	Bulgaria	323177.0	332640.0
A	NCRIM	CRT_PEN	NR	Cyprus	28598.0	32918.0
A	NCRIM	CRT_PEN	NR	Czechia	950250.0	976167.0
A	NCRIM	CRT_PEN	NR	Denmark	2879334.0	2378373.0
A	NCRIM	CRT_PEN	NR	Estonia	318878.0	328698.0
A	NCRIM	CRT_PEN	NR	Greece	215909.0	215413.0
A	NCRIM	CRT_PEN	NR	Spain	2711212.0	2698418.0
A	NCRIM	CRT_PEN	NR	Finland	451783.0	492200.0
A	NCRIM	CRT_PEN	NR	France	2355029.0	2446309.0
A	NCRIM	CRT_PEN	NR	Croatia	1058054.0	960559.0
A	NCRIM	CRT_PEN	NR	Hungary	655585.0	674203.0
A	NCRIM	CRT_PEN	NR	Ireland	153977.0	161406.0
A	NCRIM	CRT_PEN	NR	Italy	3244585.0	3183421.0
A	NCRIM	CRT_PEN	NR	Lithuania	183381.0	183956.0
A	NCRIM	CRT_PEN	NR	Luxembourg	11738.0	11790.0
A	NCRIM	CRT_PEN	NR	Latvia	367478.0	356682.0
A	NCRIM	CRT_PEN	NR	Malta	11855.0	12670.0
A	NCRIM	CRT_PEN	NR	Netherlands	1072219.0	1089945.0
A	NCRIM	CRT_PEN	NR	Poland	10422527.0	10416679.0
A	NCRIM	CRT_PEN	NR	Romania	1391020.0	1396954.0
A	NCRIM	CRT_PEN	NR	Sweden	246209.0	259606.0
A	NCRIM	CRT_PEN	NR	Slovenia	584840.0	575866.0
A	NCRIM	CRT_PEN	NR	Slovakia	787758.0	686853.0
A	NCRIM	CRT_PEN	P_HTHAB	Austria	35183.52	35680.9
A	NCRIM	CRT_PEN	P_HTHAB	Belgium	8526.6	9354.92
A	NCRIM	CRT_PEN	P_HTHAB	Bulgaria	4725.54	5159.04
A	NCRIM	CRT_PEN	P_HTHAB	Cyprus	3161.03	3468.4
A	NCRIM	CRT_PEN	P_HTHAB	Czechia	9035.62	9015.6
A	NCRIM	CRT_PEN	P_HTHAB	Denmark	49023.12	40089.53
A	NCRIM	CRT_PEN	P_HTHAB	Estonia	23943.46	24064.85
A	NCRIM	CRT_PEN	P_HTHAB	Greece	2064.18	2068.5
A	NCRIM	CRT_PEN	P_HTHAB	Spain	5715.89	5611.72
A	NCRIM	CRT_PEN	P_HTHAB	Finland	8142.81	8846.2
A	NCRIM	CRT_PEN	P_HTHAB	France	3469.81	3582.91
A	NCRIM	CRT_PEN	P_HTHAB	Croatia	27394.37	24943.79
A	NCRIM	CRT_PEN	P_HTHAB	Hungary	6766.27	7023.14
A	NCRIM	CRT_PEN	P_HTHAB	Ireland	3043.02	3061.92
A	NCRIM	CRT_PEN	P_HTHAB	Italy	5496.49	5395.88
A	NCRIM	CRT_PEN	P_HTHAB	Lithuania	6535.32	6438.15
A	NCRIM	CRT_PEN	P_HTHAB	Luxembourg	1818.73	1784.18
A	NCRIM	CRT_PEN	P_HTHAB	Latvia	19590.92	18942.14
A	NCRIM	CRT_PEN	P_HTHAB	Malta	2275.56	2337.42
A	NCRIM	CRT_PEN	P_HTHAB	Netherlands	6095.38	6119.4
A	NCRIM	CRT_PEN	P_HTHAB	Poland	27679.55	28341.82
A	NCRIM	CRT_PEN	P_HTHAB	Romania	7304.84	7331.34
A	NCRIM	CRT_PEN	P_HTHAB	Sweden	2355.54	2467.37
A	NCRIM	CRT_PEN	P_HTHAB	Slovenia	27754.63	27202.34
A	NCRIM	CRT_PEN	P_HTHAB	Slovakia	14494.94	12652.04
A	NCRIM	CRT_RESL	NR	Austria	3159103.0	3248665.0
A	NCRIM	CRT_RESL	NR	Belgium	990588.0	1098529.0
A	NCRIM	CRT_RESL	NR	Bulgaria	323177.0	332640.0
A	NCRIM	CRT_RESL	NR	Cyprus	28598.0	32918.0
A	NCRIM	CRT_RESL	NR	Czechia	950250.0	976167.0
A	NCRIM	CRT_RESL	NR	Denmark	2879334.0	2378373.0
A	NCRIM	CRT_RESL	NR	Estonia	318878.0	328698.0
A	NCRIM	CRT_RESL	NR	Greece	215909.0	215413.0
A	NCRIM	CRT_RESL	NR	Spain	2711212.0	2698418.0
A	NCRIM	CRT_RESL	NR	Finland	451783.0	492200.0
A	NCRIM	CRT_RESL	NR	France	2355029.0	2446309.0
A	NCRIM	CRT_RESL	NR	Croatia	1058054.0	960559.0
A	NCRIM	CRT_RESL	NR	Hungary	655585.0	674203.0
A	NCRIM	CRT_RESL	NR	Ireland	153977.0	161406.0
A	NCRIM	CRT_RESL	NR	Italy	3244585.0	3183421.0
A	NCRIM	CRT_RESL	NR	Lithuania	183381.0	183956.0
A	NCRIM	CRT_RESL	NR	Luxembourg	11738.0	11790.0
A	NCRIM	CRT_RESL	NR	Latvia	367478.0	356682.0
A	NCRIM	CRT_RESL	NR	Malta	11855.0	12670.0
A	NCRIM	CRT_RESL	NR	Netherlands	1072219.0	1089945.0
A	NCRIM	CRT_RESL	NR	Poland	10422527.0	10416679.0
A	NCRIM	CRT_RESL	NR	Romania	1391020.0	1396954.0
A	NCRIM	CRT_RESL	NR	Sweden	246209.0	259606.0
A	NCRIM	CRT_RESL	NR	Slovenia	584840.0	575866.0
A	NCRIM	CRT_RESL	NR	Slovakia	787758.0	686853.0
A	NCRIM	CRT_RESL	P_HTHAB	Austria	35183.52	35680.9
A	NCRIM	CRT_RESL	P_HTHAB	Belgium	8526.6	9354.92
A	NCRIM	CRT_RESL	P_HTHAB	Bulgaria	4725.54	5159.04
A	NCRIM	CRT_RESL	P_HTHAB	Cyprus	3161.03	3468.4
A	NCRIM	CRT_RESL	P_HTHAB	Czechia	9035.62	9015.6
A	NCRIM	CRT_RESL	P_HTHAB	Denmark	49023.12	40089.53
A	NCRIM	CRT_RESL	P_HTHAB	Estonia	23943.46	24064.85
A	NCRIM	CRT_RESL	P_HTHAB	Greece	2064.18	2068.5
A	NCRIM	CRT_RESL	P_HTHAB	Spain	5715.89	5611.72
A	NCRIM	CRT_RESL	P_HTHAB	Finland	8142.81	8846.2
A	NCRIM	CRT_RESL	P_HTHAB	France	3469.81	3582.91
A	NCRIM	CRT_RESL	P_HTHAB	Croatia	27394.37	24943.79
A	NCRIM	CRT_RESL	P_HTHAB	Hungary	6766.27	7023.14
A	NCRIM	CRT_RESL	P_HTHAB	Ireland	3043.02	3061.92
A	NCRIM	CRT_RESL	P_HTHAB	Italy	5496.49	5395.88
A	NCRIM	CRT_RESL	P_HTHAB	Lithuania	6535.32	6438.15
A	NCRIM	CRT_RESL	P_HTHAB	Luxembourg	1818.73	1784.18
A	NCRIM	CRT_RESL	P_HTHAB	Latvia	19590.92	18942.14
A	NCRIM	CRT_RESL	P_HTHAB	Malta	2275.56	2337.42
A	NCRIM	CRT_RESL	P_HTHAB	Netherlands	6095.38	6119.4
A	NCRIM	CRT_RESL	P_HTHAB	Poland	27679.55	28341.82
A	NCRIM	CRT_RESL	P_HTHAB	Romania	7304.84	7331.34
A	NCRIM	CRT_RESL	P_HTHAB	Sweden	2355.54	2467.37
A	NCRIM	CRT_RESL	P_HTHAB	Slovenia	27754.63	27202.34
A	NCRIM	CRT_RESL	P_HTHAB	Slovakia	14494.94	12652.04
