freq	iccs	sex	unit	geo	2008 	2009 	2010 	2011 	2012 	2013 	2014 	2015 	2016 	2017 	2018 	2019 	2020 	2021 	2022 	2023 
A	ICCS0101	F	NR	AL	51 	9 	27 	32 	28 	22 	16 	4 	4 	3 	3 	2 	1 	1 	1 	0 
A	ICCS0101	F	NR	AT	36 	36 	37 	31 	32 	37 	37 	37 	6 	39 	30 	31 	33 	37 	38 	42 
A	ICCS0101	F	NR	BA	: 	: 	: 	: 	: 	20 	21 	20 	10 	: 	10 	25 	24 	22 	22 	0 
A	ICCS0101	F	NR	BE	51 	40 	45 	49 	63 	: 	: 	: 	: 	: 	: 	: 	: 	: 	: 	: 
A	ICCS0101	F	NR	BG	52 	53 	54 	43 	37 	34 	36 	37 	37 	34 	39 	36 	33 	32 	28 	59 
A	ICCS0101	F	NR	CH	21 	29 	32 	31 	34 	33 	41 	43 	46 	49 	53 	60 	62 	60 	54 	: 
A	ICCS0101	F	NR	CY	: 	0 	1 	1 	1 	2 	: 	: 	: 	: 	: 	: 	: 	: 	2 	: 
A	ICCS0101	F	NR	CZ	: 	: 	: 	96 	89 	96 	107 	108 	119 	114 	119 	109 	115 	109 	119 	110 
A	ICCS0101	F	NR	DE	: 	: 	: 	: 	: 	249 	229 	229 	211 	204 	212 	215 	222 	213 	215 	221 
A	ICCS0101	F	NR	DK	14 	14 	15 	18 	16 	14 	13 	9 	9 	12 	9 	12 	11 	8 	14 	11 
A	ICCS0101	F	NR	EE	: 	: 	32 	25 	: 	28 	: 	23 	21 	18 	15 	16 	13 	13 	15 	11 
A	ICCS0101	F	NR	EL	44 	41 	21 	44 	46 	52 	60 	49 	67 	57 	49 	54 	59 	59 	60 	54 
A	ICCS0101	F	NR	ES	150 	172 	195 	187 	234 	257 	259 	278 	300 	317 	61 	289 	287 	317 	326 	298 
A	ICCS0101	F	NR	FI	54 	52 	58 	56 	60 	64 	53 	60 	54 	51 	45 	45 	39 	43 	39 	30 
A	ICCS0101	F	NR	FR	245 	240 	246 	253 	254 	327 	309 	210 	334 	468 	487 	509 	384 	374 	: 	407 
A	ICCS0101	F	NR	HR	15 	24 	16 	: 	13 	17 	15 	16 	: 	: 	18 	20 	17 	21 	21 	15 
A	ICCS0101	F	NR	HU	: 	: 	: 	: 	: 	139 	155 	136 	: 	170 	37 	93 	133 	164 	132 	136 
A	ICCS0101	F	NR	IE	: 	: 	: 	: 	: 	18 	: 	: 	: 	: 	: 	: 	: 	: 	: 	: 
A	ICCS0101	F	NR	IS	: 	: 	: 	: 	: 	1 	: 	: 	: 	1 	0 	: 	: 	: 	: 	: 
A	ICCS0101	F	NR	IT	138 	148 	168 	161 	150 	287 	289 	253 	267 	287 	286 	279 	282 	275 	281 	293 
A	ICCS0101	F	NR	LI	: 	: 	: 	: 	: 	0 	0 	0 	0 	: 	: 	: 	: 	: 	: 	: 
A	ICCS0101	F	NR	LT	82 	79 	82 	90 	83 	97 	100 	91 	89 	89 	89 	74 	71 	56 	46 	49 
A	ICCS0101	F	NR	LU	: 	: 	: 	4 	4 	5 	4 	5 	1 	5 	: 	: 	: 	: 	: 	: 
A	ICCS0101	F	NR	LV	: 	: 	: 	: 	: 	45 	46 	49 	47 	42 	38 	39 	33 	33 	34 	33 
A	ICCS0101	F	NR	ME	1 	0 	0 	1 	0 	0 	2 	1 	1 	1 	1 	0 	0 	0 	3 	0 
A	ICCS0101	F	NR	MT	: 	: 	: 	: 	: 	1 	0 	0 	0 	0 	0 	0 	0 	1 	1 	1 
A	ICCS0101	F	NR	NO	9 	11 	11 	12 	9 	6 	9 	11 	12 	14 	17 	16 	17 	17 	15 	13 
A	ICCS0101	F	NR	PL	: 	: 	: 	: 	: 	: 	: 	: 	364 	374 	370 	357 	352 	372 	368 	370 
A	ICCS0101	F	NR	PT	13 	13 	13 	15 	14 	12 	15 	15 	16 	17 	17 	15 	11 	16 	13 	: 
A	ICCS0101	F	NR	RO	277 	267 	259 	261 	237 	245 	249 	254 	246 	205 	182 	172 	187 	221 	184 	210 
A	ICCS0101	F	NR	RS	: 	: 	: 	: 	: 	50 	52 	50 	46 	42 	36 	48 	50 	23 	44 	55 
A	ICCS0101	F	NR	SE	28 	29 	25 	28 	26 	29 	25 	28 	31 	33 	38 	41 	45 	55 	61 	60 
A	ICCS0101	F	NR	SI	: 	: 	: 	: 	: 	: 	: 	: 	4 	3 	5 	6 	5 	4 	4 	5 
A	ICCS0101	F	NR	SK	: 	: 	: 	: 	: 	: 	33 	30 	31 	28 	32 	35 	33 	39 	: 	42 
A	ICCS0101	F	NR	TR	: 	48 	120 	126 	172 	1067 	1072 	1112 	1142 	: 	1187 	1201 	1270 	1380 	1518 	1295 
A	ICCS0101	F	NR	UKC-L	185 	213 	211 	211 	231 	256 	256 	260 	279 	281 	278 	: 	: 	: 	: 	: 
A	ICCS0101	F	NR	UKM	29 	38 	44 	54 	56 	56 	56 	: 	: 	: 	: 	: 	: 	: 	: 	: 
A	ICCS0101	F	NR	UKN	: 	6 	6 	7 	8 	11 	11 	9 	7 	9 	9 	: 	: 	: 	: 	: 
A	ICCS0101	F	NR	XK	: 	12 	16 	20 	23 	16 	14 	11 	: 	13 	15 	8 	10 	: 	: 	: 
A	ICCS0101	F	P_HTHAB	AL	3.22 	0.56 	: 	2.27 	: 	: 	1.11 	0.28 	0.28 	0.21 	0.21 	0.14 	0.07 	0.07 	0.07 	0.00 
A	ICCS0101	F	P_HTHAB	AT	0.84 	0.84 	0.86 	0.72 	0.74 	0.85 	0.85 	0.84 	0.14 	0.87 	0.67 	0.69 	0.73 	0.82 	0.83 	0.91 
A	ICCS0101	F	P_HTHAB	BE	0.94 	0.73 	0.81 	0.88 	1.12 	: 	: 	: 	: 	: 	: 	: 	: 	: 	: 	: 
A	ICCS0101	F	P_HTHAB	BG	1.35 	1.38 	1.42 	1.14 	0.98 	0.91 	0.97 	1.00 	1.01 	0.93 	1.08 	1.00 	0.92 	0.90 	0.79 	1.76 
A	ICCS0101	F	P_HTHAB	CH	0.54 	0.74 	0.81 	0.78 	0.84 	0.81 	1.00 	1.03 	1.09 	1.15 	1.24 	1.39 	1.43 	1.37 	1.23 	: 
A	ICCS0101	F	P_HTHAB	CY	: 	0.00 	0.24 	0.23 	0.23 	0.45 	: 	: 	: 	: 	: 	: 	: 	: 	0.43 	: 
A	ICCS0101	F	P_HTHAB	CZ	: 	: 	: 	1.80 	1.66 	1.79 	2.00 	2.01 	2.22 	2.12 	2.21 	2.02 	2.12 	2.01 	2.23 	1.99 
A	ICCS0101	F	P_HTHAB	DE	: 	: 	: 	: 	: 	0.61 	0.56 	0.55 	0.51 	0.49 	0.51 	0.51 	0.53 	0.51 	0.51 	0.52 
A	ICCS0101	F	P_HTHAB	DK	0.51 	0.50 	0.54 	0.64 	0.57 	0.50 	0.46 	0.32 	0.31 	0.42 	0.31 	0.41 	0.38 	0.27 	0.47 	0.37 
A	ICCS0101	F	P_HTHAB	EE	: 	: 	4.49 	3.52 	: 	3.98 	: 	3.28 	3.00 	2.58 	2.15 	2.29 	1.86 	1.86 	2.15 	1.53 
A	ICCS0101	F	P_HTHAB	EL	0.78 	0.73 	0.37 	0.78 	0.81 	0.92 	1.06 	0.88 	1.21 	1.03 	0.89 	0.98 	1.07 	1.08 	1.12 	1.01 
A	ICCS0101	F	P_HTHAB	ES	0.65 	0.74 	0.83 	0.79 	0.99 	1.08 	1.10 	1.18 	1.27 	1.34 	0.26 	1.21 	1.19 	1.31 	1.35 	1.22 
A	ICCS0101	F	P_HTHAB	FI	2.00 	1.92 	2.13 	2.05 	2.18 	2.32 	1.91 	2.16 	1.94 	1.83 	1.61 	1.61 	1.39 	1.54 	1.39 	1.07 
A	ICCS0101	F	P_HTHAB	FR	0.74 	0.72 	0.74 	0.75 	0.75 	0.97 	0.91 	0.61 	0.97 	1.36 	1.41 	1.47 	1.10 	1.07 	: 	1.16 
A	ICCS0101	F	P_HTHAB	HR	0.67 	1.07 	0.72 	: 	0.59 	0.77 	0.68 	0.73 	: 	: 	0.85 	0.95 	0.81 	1.01 	1.05 	0.75 
A	ICCS0101	F	P_HTHAB	HU	: 	: 	: 	: 	: 	2.68 	3.00 	2.64 	: 	3.32 	0.72 	1.82 	2.61 	3.24 	2.62 	2.73 
A	ICCS0101	F	P_HTHAB	IE	: 	: 	: 	: 	: 	0.78 	: 	: 	: 	: 	: 	: 	: 	: 	: 	: 
A	ICCS0101	F	P_HTHAB	IS	: 	: 	: 	: 	: 	0.62 	: 	: 	: 	0.60 	0.00 	: 	: 	: 	: 	: 
A	ICCS0101	F	P_HTHAB	IT	0.46 	0.49 	0.55 	0.53 	0.49 	0.93 	0.92 	0.81 	0.86 	0.92 	0.92 	0.91 	0.92 	0.91 	0.93 	0.97 
A	ICCS0101	F	P_HTHAB	LI	: 	: 	: 	: 	: 	0.00 	0.00 	0.00 	0.00 	: 	: 	: 	: 	: 	: 	: 
A	ICCS0101	F	P_HTHAB	LT	4.75 	4.62 	4.85 	5.47 	5.12 	6.05 	6.30 	5.78 	5.71 	5.80 	5.89 	4.94 	4.77 	3.78 	3.07 	3.22 
A	ICCS0101	F	P_HTHAB	LU	: 	: 	: 	1.56 	1.52 	1.86 	1.46 	1.78 	0.35 	1.70 	: 	: 	: 	: 	: 	: 
A	ICCS0101	F	P_HTHAB	LV	: 	: 	: 	: 	: 	4.10 	4.24 	4.56 	4.41 	3.98 	3.64 	3.77 	3.21 	3.24 	3.38 	3.27 
A	ICCS0101	F	P_HTHAB	ME	0.32 	0.00 	0.00 	0.32 	0.00 	0.00 	0.64 	0.32 	0.32 	0.32 	0.32 	0.00 	0.00 	0.00 	0.96 	0.00 
A	ICCS0101	F	P_HTHAB	MT	: 	: 	: 	: 	: 	0.47 	0.00 	0.00 	0.00 	0.00 	0.00 	0.00 	0.00 	0.40 	0.40 	0.39 
A	ICCS0101	F	P_HTHAB	NO	0.38 	0.46 	0.45 	0.49 	0.36 	0.24 	0.35 	0.43 	0.46 	0.54 	0.65 	0.61 	0.64 	0.64 	0.56 	0.48 
A	ICCS0101	F	P_HTHAB	PL	: 	: 	: 	: 	: 	: 	: 	: 	1.86 	1.91 	1.89 	1.82 	1.80 	1.90 	1.89 	1.95 
A	ICCS0101	F	P_HTHAB	PT	0.24 	24 	0.24 	0.27 	0.25 	0.22 	0.27 	0.28 	0.29 	0.31 	0.31 	0.28 	0.20 	0.29 	0.24 	: 
A	ICCS0101	F	P_HTHAB	RO	2.51 	2.42 	2.35 	2.37 	2.30 	2.39 	2.44 	2.50 	2.43 	2.04 	1.82 	1.73 	1.89 	2.25 	1.88 	2.14 
A	ICCS0101	F	P_HTHAB	RS	: 	: 	: 	: 	: 	1.36 	1.42 	1.37 	1.27 	1.16 	1.00 	1.34 	1.41 	0.65 	1.26 	1.61 
A	ICCS0101	F	P_HTHAB	SE	0.61 	0.62 	0.53 	0.59 	0.55 	0.61 	0.52 	0.57 	0.63 	0.66 	0.75 	0.81 	0.88 	1.07 	1.17 	1.15 
A	ICCS0101	F	P_HTHAB	SI	: 	: 	: 	: 	: 	: 	: 	: 	0.38 	0.29 	0.48 	0.58 	0.48 	0.38 	0.38 	0.47 
A	ICCS0101	F	P_HTHAB	SK	: 	: 	: 	: 	: 	: 	1.19 	1.08 	1.12 	1.01 	1.15 	1.25 	1.18 	1.40 	: 	1.51 
A	ICCS0101	F	P_HTHAB	TR	: 	0.13 	0.33 	0.34 	0.46 	2.83 	2.81 	2.87 	2.91 	: 	2.95 	2.94 	3.07 	3.31 	3.59 	3.04 
A	ICCS0101	F	P_HTHAB	UKC-L	0.66 	0.76 	0.75 	0.74 	0.81 	0.89 	0.88 	0.89 	0.95 	0.95 	0.93 	: 	: 	: 	: 	: 
A	ICCS0101	F	P_HTHAB	UKM	1.08 	1.41 	1.63 	1.98 	2.05 	2.04 	2.04 	: 	: 	: 	: 	: 	: 	: 	: 	: 
A	ICCS0101	F	P_HTHAB	UKN	: 	0.66 	0.65 	0.76 	0.86 	1.18 	1.18 	1.17 	0.74 	: 	: 	: 	: 	: 	: 	: 
A	ICCS0101	F	P_HTHAB	XK	: 	1.11 	1.46 	2.25 	: 	: 	: 	: 	: 	: 	1.65 	0.88 	1.10 	: 	: 	: 
A	ICCS0101	M	NR	AL	1087 	1230 	1140 	1094 	1174 	1140 	1060 	383 	321 	426 	408 	392 	411 	404 	413 	395 
A	ICCS0101	M	NR	AT	498 	483 	489 	502 	504 	476 	458 	450 	482 	459 	335 	346 	357 	355 	345 	371 
A	ICCS0101	M	NR	BA	: 	: 	: 	: 	: 	387 	382 	426 	339 	: 	145 	301 	220 	327 	299 	313 
A	ICCS0101	M	NR	BE	797 	774 	812 	801 	827 	: 	: 	: 	: 	: 	: 	: 	: 	: 	: 	: 
A	ICCS0101	M	NR	BG	1026 	997 	925 	936 	944 	901 	861 	772 	774 	815 	793 	812 	801 	713 	778 	745 
A	ICCS0101	M	NR	CH	447 	459 	455 	456 	462 	467 	454 	498 	520 	531 	528 	588 	595 	562 	509 	: 
A	ICCS0101	M	NR	CY	: 	17 	18 	18 	19 	16 	: 	: 	: 	: 	: 	: 	: 	: 	59 	: 
A	ICCS0101	M	NR	CZ	: 	: 	: 	1151 	1021 	1062 	1053 	770 	1073 	1029 	991 	929 	904 	879 	917 	832 
A	ICCS0101	M	NR	DE	: 	: 	: 	: 	: 	3546 	3450 	3314 	3187 	3155 	3179 	3151 	3172 	3140 	3100 	3007 
A	ICCS0101	M	NR	DK	160 	166 	177 	193 	179 	189 	180 	187 	182 	166 	173 	173 	176 	182 	156 	154 
A	ICCS0101	M	NR	EE	: 	: 	495 	505 	: 	484 	: 	407 	374 	341 	314 	290 	274 	266 	248 	219 
A	ICCS0101	M	NR	EL	712 	567 	649 	680 	807 	765 	814 	757 	787 	810 	795 	808 	773 	649 	724 	591 
A	ICCS0101	M	NR	ES	2822 	3073 	3108 	3038 	3593 	3657 	3550 	3646 	3603 	3498 	3656 	3277 	3220 	3158 	3231 	2997 
A	ICCS0101	M	NR	FI	522 	539 	541 	548 	542 	557 	548 	544 	476 	457 	434 	429 	432 	441 	425 	275 
A	ICCS0101	M	NR	FR	3301 	3230 	3157 	3153 	3168 	3764 	3580 	2889 	4626 	6631 	7055 	7240 	4313 	4427 	: 	4885 
A	ICCS0101	M	NR	HR	426 	429 	411 	: 	381 	386 	375 	323 	: 	: 	310 	289 	273 	292 	310 	300 
A	ICCS0101	M	NR	HU	: 	: 	: 	: 	: 	1332 	1382 	1266 	: 	1530 	227 	428 	629 	782 	952 	1050 
A	ICCS0101	M	NR	IE	: 	: 	: 	: 	: 	393 	: 	: 	: 	: 	: 	: 	: 	: 	: 	: 
A	ICCS0101	M	NR	IS	: 	: 	: 	: 	: 	18 	: 	: 	: 	6 	7 	: 	: 	: 	: 	: 
A	ICCS0101	M	NR	IT	5415 	5689 	5851 	5911 	6016 	9342 	9105 	8894 	8797 	8914 	8951 	8939 	8542 	8555 	8512 	8508 
A	ICCS0101	M	NR	LI	: 	: 	: 	: 	: 	1 	1 	0 	1 	: 	: 	: 	: 	: 	: 	: 
A	ICCS0101	M	NR	LT	1696 	1727 	1800 	1907 	1893 	1817 	1785 	1641 	1570 	1514 	1455 	1381 	1293 	1232 	1139 	985 
A	ICCS0101	M	NR	LU	: 	: 	: 	37 	50 	50 	57 	58 	0 	47 	: 	: 	: 	: 	: 	: 
A	ICCS0101	M	NR	LV	: 	: 	: 	: 	: 	676 	651 	596 	581 	569 	559 	505 	276 	482 	499 	469 
A	ICCS0101	M	NR	ME	13 	15 	16 	19 	11 	15 	46 	39 	45 	48 	22 	30 	36 	40 	33 	20 
A	ICCS0101	M	NR	MT	: 	: 	: 	: 	: 	31 	32 	31 	37 	46 	51 	27 	29 	47 	50 	53 
A	ICCS0101	M	NR	NO	127 	121 	122 	126 	131 	125 	124 	131 	128 	130 	148 	148 	143 	150 	145 	143 
A	ICCS0101	M	NR	PL	: 	: 	: 	: 	: 	: 	: 	: 	4012 	3999 	4021 	4052 	4001 	3967 	3976 	3989 
A	ICCS0101	M	NR	PT	327 	328 	327 	320 	318 	318 	304 	299 	283 	272 	265 	234 	228 	240 	226 	: 
A	ICCS0101	M	NR	RO	5533 	5292 	5240 	5375 	5361 	6013 	6015 	6194 	5946 	5332 	4829 	4624 	4764 	5189 	4873 	4843 
A	ICCS0101	M	NR	RS	: 	: 	: 	: 	: 	603 	722 	753 	683 	700 	739 	689 	704 	708 	782 	820 
A	ICCS0101	M	NR	SE	408 	422 	443 	428 	437 	535 	525 	542 	552 	601 	615 	637 	696 	759 	852 	913 
A	ICCS0101	M	NR	SI	: 	: 	: 	: 	: 	: 	: 	: 	71 	83 	75 	97 	96 	86 	93 	106 
A	ICCS0101	M	NR	SK	: 	: 	: 	: 	: 	: 	464 	463 	462 	349 	365 	387 	409 	429 	: 	427 
A	ICCS0101	M	NR	TR	: 	1466 	2838 	3358 	6262 	24668 	26296 	27640 	29070 	: 	33186 	33851 	36094 	37738 	40896 	33932 
A	ICCS0101	M	NR	UKC-L	4395 	4809 	4587 	4829 	4979 	5015 	5015 	5076 	5225 	5195 	5188 	: 	: 	: 	: 	: 
A	ICCS0101	M	NR	UKM	788 	800 	775 	778 	787 	807 	807 	: 	: 	: 	: 	: 	: 	: 	: 	: 
A	ICCS0101	M	NR	UKN	: 	144 	156 	160 	153 	169 	209 	180 	162 	153 	159 	: 	: 	: 	: 	: 
A	ICCS0101	M	NR	XK	: 	272 	442 	392 	402 	422 	356 	407 	: 	375 	347 	343 	333 	: 	: 	: 
A	ICCS0101	M	P_HTHAB	AL	68.43 	77.62 	: 	76.94 	: 	: 	72.60 	26.21 	21.97 	29.31 	28.36 	27.42 	28.93 	28.65 	29.78 	28.90 
A	ICCS0101	M	P_HTHAB	AT	12.32 	11.91 	12.03 	12.31 	12.30 	11.54 	11.02 	10.73 	11.28 	10.64 	7.72 	7.94 	8.15 	8.07 	7.80 	8.27 
A	ICCS0101	M	P_HTHAB	BE	15.26 	14.69 	15.29 	14.83 	15.17 	: 	: 	: 	: 	: 	: 	: 	: 	: 	: 	: 
A	ICCS0101	M	P_HTHAB	BG	28.03 	27.42 	25.60 	26.08 	26.47 	25.42 	24.43 	22.04 	22.26 	23.62 	23.17 	23.91 	23.77 	21.29 	23.50 	24.04 
A	ICCS0101	M	P_HTHAB	CH	11.99 	12.12 	11.88 	11.76 	11.78 	11.77 	11.29 	12.22 	12.62 	12.72 	12.55 	13.88 	13.94 	13.06 	11.73 	: 
A	ICCS0101	M	P_HTHAB	CY	: 	4.36 	4.50 	4.40 	4.53 	3.80 	: 	: 	: 	: 	: 	: 	: 	: 	13.38 	: 
A	ICCS0101	M	P_HTHAB	CZ	: 	: 	: 	22.36 	19.79 	20.56 	20.40 	14.87 	20.69 	19.79 	18.99 	17.71 	17.15 	16.66 	17.69 	15.67 
A	ICCS0101	M	P_HTHAB	DE	: 	: 	: 	: 	: 	9.00 	8.72 	8.32 	7.87 	7.75 	7.78 	7.69 	7.73 	7.65 	7.55 	7.35 
A	ICCS0101	M	P_HTHAB	DK	5.90 	6.08 	6.45 	7.00 	6.47 	6.80 	6.45 	6.65 	6.41 	5.80 	6.01 	5.99 	6.08 	6.27 	5.34 	5.22 
A	ICCS0101	M	P_HTHAB	EE	: 	: 	79.74 	81.49 	: 	78.55 	: 	66.21 	60.64 	55.22 	50.56 	46.35 	43.54 	42.16 	39.15 	33.83 
A	ICCS0101	M	P_HTHAB	EL	13.07 	10.39 	11.88 	12.47 	14.88 	14.26 	15.32 	14.37 	15.06 	15.51 	15.26 	15.51 	14.82 	12.49 	14.16 	11.60 
A	ICCS0101	M	P_HTHAB	ES	12.49 	13.43 	13.52 	13.18 	15.55 	15.89 	15.52 	15.97 	15.80 	15.32 	15.98 	14.24 	13.88 	13.60 	13.90 	12.72 
A	ICCS0101	M	P_HTHAB	FI	20.10 	20.64 	20.61 	20.77 	20.43 	20.89 	20.44 	20.21 	17.62 	16.85 	15.96 	15.75 	15.83 	16.13 	15.49 	9.99 
A	ICCS0101	M	P_HTHAB	FR	10.66 	10.37 	10.09 	10.02 	10.02 	11.85 	11.21 	8.97 	14.35 	20.52 	21.77 	22.29 	13.26 	13.53 	: 	14.76 
A	ICCS0101	M	P_HTHAB	HR	20.51 	20.66 	19.81 	: 	18.47 	18.77 	18.29 	15.84 	: 	: 	15.64 	14.65 	13.85 	14.86 	16.65 	16.11 
A	ICCS0101	M	P_HTHAB	HU	: 	: 	: 	: 	: 	28.24 	29.38 	26.96 	: 	32.73 	4.86 	9.15 	13.44 	16.77 	20.50 	22.70 
A	ICCS0101	M	P_HTHAB	IE	: 	: 	: 	: 	: 	17.29 	: 	: 	: 	: 	: 	: 	: 	: 	: 	: 
A	ICCS0101	M	P_HTHAB	IS	: 	: 	: 	: 	: 	11.15 	: 	: 	: 	3.51 	3.94 	: 	: 	: 	: 	: 
A	ICCS0101	M	P_HTHAB	IT	19.06 	19.91 	20.42 	20.58 	20.94 	32.34 	30.88 	30.15 	29.86 	30.27 	30.42 	30.69 	29.40 	29.64 	29.54 	29.53 
A	ICCS0101	M	P_HTHAB	LI	: 	: 	: 	: 	: 	5.48 	5.43 	0.00 	5.36 	: 	: 	: 	: 	: 	: 	: 
A	ICCS0101	M	P_HTHAB	LT	114.02 	117.22 	124.12 	135.52 	136.83 	132.74 	131.64 	121.89 	118.08 	115.38 	112.16 	106.59 	99.13 	93.79 	87.17 	73.74 
A	ICCS0101	M	P_HTHAB	LU	: 	: 	: 	14.53 	19.10 	18.63 	20.72 	20.57 	0.00 	15.84 	: 	: 	: 	: 	: 	: 
A	ICCS0101	M	P_HTHAB	LV	: 	: 	: 	: 	: 	72.96 	70.99 	65.41 	64.25 	63.53 	62.83 	57.07 	31.33 	55.07 	57.42 	53.76 
A	ICCS0101	M	P_HTHAB	ME	4.29 	4.93 	5.24 	6.21 	3.59 	4.89 	14.98 	12.68 	14.62 	15.60 	7.15 	9.75 	11.71 	13.04 	10.81 	6.56 
A	ICCS0101	M	P_HTHAB	MT	: 	: 	: 	: 	: 	14.77 	15.06 	14.44 	17.01 	19.86 	21.20 	10.72 	10.91 	17.61 	18.51 	18.61 
A	ICCS0101	M	P_HTHAB	NO	5.38 	5.05 	5.03 	5.12 	5.24 	4.93 	4.83 	5.04 	4.88 	4.91 	5.55 	5.51 	5.28 	5.52 	5.30 	5.17 
A	ICCS0101	M	P_HTHAB	PL	: 	: 	: 	: 	: 	: 	: 	: 	21.83 	21.76 	21.88 	22.05 	21.78 	21.67 	21.83 	22.44 
A	ICCS0101	M	P_HTHAB	PT	6.45 	6.47 	6.46 	6.33 	6.32 	6.37 	6.13 	6.07 	5.77 	5.57 	5.44 	4.82 	4.69 	4.94 	4.59 	: 
A	ICCS0101	M	P_HTHAB	RO	50.13 	48.00 	47.59 	48.91 	51.95 	61.60 	61.72 	63.81 	61.62 	55.53 	50.55 	48.67 	50.36 	55.28 	52.74 	52.28 
A	ICCS0101	M	P_HTHAB	RS	: 	: 	: 	: 	: 	17.24 	20.75 	21.74 	19.82 	20.41 	21.67 	20.31 	20.86 	21.16 	23.64 	25.39 
A	ICCS0101	M	P_HTHAB	SE	8.94 	9.17 	9.53 	9.13 	9.25 	11.23 	10.90 	11.12 	11.19 	11.99 	12.10 	12.39 	13.40 	14.53 	16.20 	17.23 
A	ICCS0101	M	P_HTHAB	SI	: 	: 	: 	: 	: 	: 	: 	: 	6.94 	8.10 	7.30 	9.34 	9.13 	8.11 	8.79 	9.97 
A	ICCS0101	M	P_HTHAB	SK	: 	: 	: 	: 	: 	: 	17.58 	17.52 	17.46 	13.16 	13.74 	14.54 	15.35 	16.09 	: 	16.08 
A	ICCS0101	M	P_HTHAB	TR	: 	4.08 	7.78 	9.07 	16.68 	64.99 	68.35 	70.90 	73.57 	: 	81.87 	82.28 	86.51 	90.03 	96.39 	79.46 
A	ICCS0101	M	P_HTHAB	UKC-L	16.40 	17.80 	16.83 	17.56 	17.95 	17.94 	17.80 	17.85 	18.21 	17.96 	17.80 	: 	: 	: 	: 	: 
A	ICCS0101	M	P_HTHAB	UKM	31.45 	31.70 	30.51 	30.40 	30.58 	31.26 	31.14 	: 	: 	: 	: 	: 	: 	: 	: 	: 
A	ICCS0101	M	P_HTHAB	UKN	: 	16.46 	17.70 	18.04 	17.15 	18.87 	23.18 	23.05 	19.06 	: 	: 	: 	: 	: 	: 	: 
A	ICCS0101	M	P_HTHAB	XK	: 	24.70 	39.63 	43.35 	: 	: 	: 	: 	: 	: 	39.07 	38.74 	38.06 	: 	: 	: 
A	ICCS0101	T	NR	AL	1138 	1239 	1167 	1126 	1202 	1162 	1076 	387 	325 	429 	411 	394 	412 	405 	414 	395 
A	ICCS0101	T	NR	AT	534 	519 	526 	533 	536 	513 	495 	487 	488 	498 	365 	377 	390 	392 	383 	413 
A	ICCS0101	T	NR	BA	: 	: 	: 	: 	: 	407 	403 	446 	349 	357 	155 	326 	244 	349 	321 	313 
A	ICCS0101	T	NR	BE	848 	814 	857 	850 	890 	: 	: 	: 	: 	: 	: 	: 	: 	: 	: 	: 
A	ICCS0101	T	NR	BG	1078 	1050 	979 	979 	981 	935 	897 	809 	811 	849 	832 	848 	834 	745 	806 	804 
A	ICCS0101	T	NR	CH	468 	488 	487 	487 	496 	500 	495 	541 	566 	580 	581 	648 	657 	622 	563 	: 
A	ICCS0101	T	NR	CY	: 	17 	19 	19 	20 	18 	: 	: 	: 	: 	: 	: 	: 	: 	61 	: 
A	ICCS0101	T	NR	CZ	: 	: 	: 	1247 	1110 	1158 	1160 	878 	1192 	1143 	1110 	1038 	1019 	988 	1036 	942 
A	ICCS0101	T	NR	DE	: 	: 	: 	: 	: 	3795 	3679 	3543 	3398 	3359 	3391 	3366 	3394 	3353 	3315 	3228 
A	ICCS0101	T	NR	DK	174 	180 	192 	211 	195 	203 	193 	196 	191 	178 	182 	185 	187 	190 	170 	165 
A	ICCS0101	T	NR	EE	620 	574 	527 	530 	517 	512 	488 	430 	395 	359 	329 	306 	287 	279 	263 	230 
A	ICCS0101	T	NR	EL	756 	608 	670 	724 	853 	817 	874 	806 	854 	867 	844 	862 	832 	708 	784 	645 
A	ICCS0101	T	NR	ES	2972 	3245 	3303 	3225 	3827 	3914 	3809 	3924 	3903 	3815 	3717 	3566 	3507 	3475 	3557 	3295 
A	ICCS0101	T	NR	FI	576 	591 	599 	604 	602 	621 	601 	604 	530 	508 	479 	474 	471 	484 	464 	305 
A	ICCS0101	T	NR	FR	3546 	3470 	3403 	3406 	3422 	4091 	3889 	3099 	4960 	7099 	7542 	7749 	4697 	4784 	5042 	5292 
A	ICCS0101	T	NR	HR	441 	453 	427 	: 	394 	403 	390 	339 	: 	: 	328 	309 	290 	313 	331 	315 
A	ICCS0101	T	NR	HU	: 	: 	: 	: 	: 	1471 	1537 	1402 	: 	1700 	264 	521 	762 	946 	1084 	1186 
A	ICCS0101	T	NR	IE	: 	: 	: 	: 	: 	411 	423 	: 	: 	: 	: 	: 	: 	: 	: 	: 
A	ICCS0101	T	NR	IS	: 	: 	: 	: 	: 	19 	: 	: 	: 	7 	7 	: 	: 	: 	: 	: 
A	ICCS0101	T	NR	IT	5553 	5837 	6019 	6072 	6166 	9629 	9394 	9147 	9064 	9201 	9237 	9218 	8824 	8830 	8793 	8801 
A	ICCS0101	T	NR	LI	: 	: 	: 	: 	: 	1 	1 	0 	1 	: 	: 	: 	: 	: 	: 	: 
A	ICCS0101	T	NR	LT	1778 	1806 	1882 	1997 	1976 	1914 	1885 	1732 	1659 	1603 	1544 	1455 	1364 	1288 	1185 	1034 
A	ICCS0101	T	NR	LU	: 	: 	: 	41 	54 	55 	61 	63 	1 	52 	: 	: 	: 	: 	: 	: 
A	ICCS0101	T	NR	LV	: 	: 	: 	: 	: 	721 	697 	645 	628 	611 	597 	544 	309 	515 	533 	502 
A	ICCS0101	T	NR	ME	14 	15 	16 	20 	11 	15 	48 	40 	46 	49 	23 	30 	36 	40 	36 	20 
A	ICCS0101	T	NR	MT	: 	: 	13 	11 	8 	32 	32 	31 	37 	46 	51 	27 	29 	48 	51 	54 
A	ICCS0101	T	NR	NO	136 	132 	133 	138 	140 	131 	133 	142 	140 	144 	165 	164 	160 	167 	160 	156 
A	ICCS0101	T	NR	PL	4963 	4931 	4879 	4905 	4710 	4698 	4755 	4705 	4376 	4373 	4391 	4409 	4353 	4339 	4344 	4359 
A	ICCS0101	T	NR	PT	340 	341 	340 	335 	332 	330 	319 	314 	299 	289 	282 	249 	239 	256 	239 	211 
A	ICCS0101	T	NR	RO	5810 	5559 	5499 	5636 	5598 	6258 	6264 	6448 	6192 	5537 	5011 	4796 	4951 	5410 	5057 	5053 
A	ICCS0101	T	NR	RS	: 	: 	: 	: 	: 	653 	774 	803 	729 	742 	775 	737 	754 	731 	826 	875 
A	ICCS0101	T	NR	SE	436 	451 	468 	456 	463 	564 	550 	570 	583 	634 	653 	678 	741 	814 	913 	973 
A	ICCS0101	T	NR	SI	111 	108 	102 	101 	107 	114 	116 	114 	75 	86 	80 	103 	101 	90 	97 	111 
A	ICCS0101	T	NR	SK	: 	497 	587 	550 	608 	491 	497 	493 	493 	377 	397 	422 	442 	468 	469 	469 
A	ICCS0101	T	NR	TR	: 	1514 	2958 	3484 	6434 	25735 	27368 	28752 	30212 	: 	34373 	35052 	37364 	39118 	42414 	35227 
A	ICCS0101	T	NR	UKC-L	4580 	5022 	4798 	5040 	5210 	5271 	5271 	5336 	5504 	5476 	5466 	: 	: 	: 	: 	: 
A	ICCS0101	T	NR	UKM	817 	838 	819 	832 	843 	863 	863 	: 	: 	: 	: 	: 	: 	: 	: 	: 
A	ICCS0101	T	NR	UKN	: 	150 	162 	167 	161 	180 	220 	189 	169 	162 	168 	: 	: 	: 	: 	: 
A	ICCS0101	T	NR	XK	: 	284 	458 	412 	425 	438 	370 	418 	: 	388 	362 	355 	343 	: 	: 	: 
A	ICCS0101	T	P_HTHAB	AL	35.90 	38.90 	: 	39.76 	: 	: 	37.16 	13.41 	11.26 	14.91 	14.32 	13.76 	14.48 	14.31 	14.82 	14.30 
A	ICCS0101	T	P_HTHAB	AT	6.43 	6.23 	6.30 	6.36 	6.37 	6.07 	5.82 	5.68 	5.61 	5.68 	4.14 	4.26 	4.38 	4.39 	4.27 	4.54 
A	ICCS0101	T	P_HTHAB	BE	7.95 	7.57 	7.91 	7.73 	8.02 	: 	: 	: 	: 	: 	: 	: 	: 	: 	: 	: 
A	ICCS0101	T	P_HTHAB	BG	14.34 	14.06 	13.19 	13.28 	13.39 	12.84 	12.38 	11.23 	11.34 	11.95 	11.80 	12.11 	12.00 	10.77 	11.79 	12.47 
A	ICCS0101	T	P_HTHAB	CH	6.16 	6.34 	6.25 	6.19 	6.24 	6.22 	6.08 	6.57 	6.80 	6.89 	6.85 	7.58 	7.63 	7.17 	6.44 	: 
A	ICCS0101	T	P_HTHAB	CY	: 	2.13 	2.32 	2.26 	2.32 	2.08 	: 	: 	: 	: 	: 	: 	: 	: 	6.74 	: 
A	ICCS0101	T	P_HTHAB	CZ	: 	: 	: 	11.89 	10.57 	11.01 	11.03 	8.33 	11.29 	10.80 	10.46 	9.75 	9.53 	9.23 	9.85 	8.70 
A	ICCS0101	T	P_HTHAB	DE	: 	: 	: 	: 	: 	4.71 	4.56 	4.36 	4.14 	4.07 	4.10 	4.05 	4.08 	4.03 	3.98 	3.88 
A	ICCS0101	T	P_HTHAB	DK	3.18 	3.27 	3.47 	3.79 	3.49 	3.62 	3.43 	3.46 	3.35 	3.10 	3.15 	3.19 	3.21 	3.25 	2.89 	2.78 
A	ICCS0101	T	P_HTHAB	EE	46.32 	42.97 	39.53 	39.86 	39.01 	38.78 	37.09 	32.70 	30.02 	27.29 	24.94 	23.10 	21.60 	20.98 	19.75 	16.84 
A	ICCS0101	T	P_HTHAB	EL	6.83 	5.48 	6.03 	6.51 	7.69 	7.42 	7.99 	7.42 	7.92 	8.05 	7.86 	8.04 	7.76 	6.63 	7.50 	6.19 
A	ICCS0101	T	P_HTHAB	ES	6.51 	7.02 	7.11 	6.91 	8.17 	8.38 	8.19 	8.45 	8.40 	8.20 	7.97 	7.60 	7.41 	7.33 	7.50 	6.85 
A	ICCS0101	T	P_HTHAB	FI	10.87 	11.10 	11.19 	11.24 	11.15 	11.44 	11.02 	11.04 	9.66 	9.23 	8.69 	8.59 	8.52 	8.75 	8.36 	5.48 
A	ICCS0101	T	P_HTHAB	FR	5.54 	5.39 	5.26 	5.24 	5.24 	6.24 	5.90 	4.66 	7.44 	10.63 	11.25 	11.54 	6.98 	7.07 	7.43 	7.75 
A	ICCS0101	T	P_HTHAB	HR	10.23 	10.51 	9.92 	: 	9.21 	9.46 	9.18 	8.02 	: 	: 	7.99 	7.58 	7.15 	7.75 	8.57 	8.18 
A	ICCS0101	T	P_HTHAB	HU	: 	: 	: 	: 	: 	14.85 	15.56 	14.23 	: 	17.35 	2.70 	5.33 	7.80 	9.72 	11.19 	12.35 
A	ICCS0101	T	P_HTHAB	IE	: 	: 	: 	: 	: 	8.95 	9.18 	: 	: 	: 	: 	: 	: 	: 	: 	: 
A	ICCS0101	T	P_HTHAB	IS	: 	: 	: 	: 	: 	5.90 	: 	: 	: 	2.07 	2.01 	: 	: 	: 	: 	: 
A	ICCS0101	T	P_HTHAB	IT	9.47 	9.89 	10.17 	10.23 	10.38 	16.13 	15.46 	15.05 	14.94 	15.19 	15.27 	15.41 	14.80 	14.91 	14.90 	14.92 
A	ICCS0101	T	P_HTHAB	LI	: 	: 	: 	: 	: 	2.71 	2.69 	0.00 	2.66 	: 	: 	: 	: 	: 	: 	: 
A	ICCS0101	T	P_HTHAB	LT	55.34 	56.72 	59.90 	65.42 	65.79 	64.40 	64.04 	59.29 	57.43 	56.29 	54.97 	52.07 	48.82 	46.07 	42.23 	36.19 
A	ICCS0101	T	P_HTHAB	LU	: 	: 	: 	8.01 	10.29 	10.24 	11.10 	11.19 	0.17 	8.80 	: 	: 	: 	: 	: 	: 
A	ICCS0101	T	P_HTHAB	LV	: 	: 	: 	: 	: 	35.63 	34.82 	32.48 	31.90 	31.33 	30.86 	28.33 	16.20 	27.20 	28.42 	26.66 
A	ICCS0101	T	P_HTHAB	ME	2.27 	2.43 	2.58 	3.23 	1.77 	2.42 	7.72 	6.43 	7.39 	7.87 	3.70 	4.82 	5.79 	6.44 	5.83 	3.24 
A	ICCS0101	T	P_HTHAB	MT	: 	: 	3.14 	2.65 	1.92 	7.59 	7.52 	7.22 	8.52 	9.99 	10.72 	5.47 	5.64 	9.30 	9.79 	9.96 
A	ICCS0101	T	P_HTHAB	NO	2.87 	2.75 	2.74 	2.80 	2.81 	2.59 	2.60 	2.75 	2.69 	2.74 	3.12 	3.08 	2.98 	3.10 	2.95 	2.84 
A	ICCS0101	T	P_HTHAB	PL	13.02 	12.93 	12.83 	12.89 	12.37 	12.34 	12.51 	12.38 	11.53 	11.52 	11.56 	11.61 	11.47 	11.47 	11.54 	11.86 
A	ICCS0101	T	P_HTHAB	PT	3.22 	3.23 	3.22 	3.17 	3.15 	3.15 	3.06 	3.03 	2.89 	2.80 	2.74 	2.42 	2.32 	2.49 	2.31 	2.01 
A	ICCS0101	T	P_HTHAB	RO	28.16 	27.20 	25.62 	26.32 	27.86 	31.26 	31.40 	32.45 	31.34 	28.19 	25.66 	24.70 	25.61 	28.17 	26.56 	26.52 
A	ICCS0101	T	P_HTHAB	RS	: 	: 	: 	: 	: 	9.09 	10.83 	11.29 	10.30 	10.54 	11.07 	10.58 	10.89 	10.64 	12.15 	13.18 
A	ICCS0101	T	P_HTHAB	SE	4.75 	4.87 	5.01 	4.84 	4.88 	5.90 	5.70 	5.85 	5.92 	6.34 	6.45 	6.63 	7.17 	7.84 	8.73 	9.25 
A	ICCS0101	T	P_HTHAB	SI	5.52 	5.31 	4.98 	4.93 	5.21 	5.54 	5.63 	5.53 	3.63 	4.16 	3.87 	4.95 	4.82 	4.27 	4.60 	5.24 
A	ICCS0101	T	P_HTHAB	SK	: 	9.23 	10.89 	10.20 	11.25 	9.07 	9.18 	9.09 	9.09 	6.94 	7.29 	7.74 	8.10 	8.57 	8.63 	8.64 
A	ICCS0101	T	P_HTHAB	TR	: 	2.12 	4.08 	4.73 	8.61 	34.03 	35.70 	37.01 	38.37 	: 	42.54 	42.74 	44.93 	46.78 	50.09 	41.31 
A	ICCS0101	T	P_HTHAB	UKC-L	8.39 	9.12 	8.65 	9.01 	9.24 	9.29 	9.22 	9.25 	9.47 	9.35 	9.27 	: 	: 	: 	: 	: 
A	ICCS0101	T	P_HTHAB	UKM	15.75 	16.06 	15.61 	15.76 	15.89 	16.22 	16.17 	: 	: 	: 	: 	: 	: 	: 	: 	: 
A	ICCS0101	T	P_HTHAB	UKN	: 	8.40 	9.00 	9.23 	8.85 	9.85 	11.97 	11.91 	9.74 	: 	: 	: 	: 	: 	: 	: 
A	ICCS0101	T	P_HTHAB	XK	: 	13.02 	20.74 	22.96 	: 	: 	: 	: 	: 	: 	20.13 	19.77 	19.25 	: 	: 	: 
A	ICCS03011	F	NR	AL	2 	13 	12 	1 	1 	1 	1 	1 	1 	0 	0 	0 	0 	0 	0 	0 
A	ICCS03011	F	NR	AT	0 	0 	1 	4 	3 	2 	4 	4 	6 	6 	6 	5 	6 	5 	5 	6 
A	ICCS03011	F	NR	BA	: 	: 	: 	: 	: 	0 	0 	0 	0 	0 	0 	0 	0 	0 	0 	0 
A	ICCS03011	F	NR	BE	8 	9 	3 	7 	6 	: 	: 	: 	: 	: 	: 	: 	: 	: 	: 	: 
A	ICCS03011	F	NR	BG	0 	0 	1 	3 	1 	1 	1 	1 	1 	0 	0 	0 	0 	0 	1 	1 
A	ICCS03011	F	NR	CH	0 	0 	0 	1 	1 	0 	0 	0 	0 	0 	1 	0 	0 	0 	0 	: 
A	ICCS03011	F	NR	CY	: 	: 	: 	: 	0 	0 	: 	: 	: 	: 	: 	: 	: 	: 	0 	: 
A	ICCS03011	F	NR	CZ	: 	: 	: 	3 	4 	7 	7 	7 	4 	3 	2 	2 	3 	6 	8 	8 
A	ICCS03011	F	NR	DE	: 	: 	: 	: 	: 	10 	10 	10 	7 	3 	7 	12 	12 	14 	14 	15 
A	ICCS03011	F	NR	DK	: 	0 	0 	0 	0 	1 	1 	0 	: 	: 	2 	4 	2 	3 	3 	3 
A	ICCS03011	F	NR	EE	: 	: 	0 	0 	: 	1 	: 	0 	0 	0 	1 	1 	1 	0 	1 	1 
A	ICCS03011	F	NR	EL	1 	4 	2 	0 	1 	1 	5 	2 	6 	5 	11 	4 	2 	1 	4 	3 
A	ICCS03011	F	NR	ES	10 	12 	13 	6 	13 	10 	12 	18 	51 	42 	28 	53 	59 	57 	59 	62 
A	ICCS03011	F	NR	FI	: 	: 	: 	: 	: 	: 	: 	: 	: 	: 	: 	: 	: 	: 	: 	1 
A	ICCS03011	F	NR	FR	115 	114 	102 	140 	127 	98 	93 	: 	44 	73 	79 	82 	89 	91 	: 	103 
A	ICCS03011	F	NR	HR	0 	0 	0 	: 	0 	0 	0 	0 	: 	: 	0 	0 	0 	0 	0 	0 
A	ICCS03011	F	NR	HU	: 	: 	: 	: 	: 	5 	2 	3 	: 	14 	6 	8 	19 	24 	25 	28 
A	ICCS03011	F	NR	IS	: 	: 	: 	: 	: 	0 	: 	: 	: 	0 	0 	: 	: 	: 	: 	: 
A	ICCS03011	F	NR	IT	54 	54 	47 	46 	42 	40 	39 	: 	: 	: 	: 	: 	: 	: 	: 	: 
A	ICCS03011	F	NR	LI	: 	: 	: 	: 	: 	: 	: 	: 	0 	: 	: 	: 	: 	: 	: 	: 
A	ICCS03011	F	NR	LT	2 	1 	3 	3 	1 	2 	0 	0 	0 	0 	1 	0 	2 	3 	0 	1 
A	ICCS03011	F	NR	LU	: 	: 	: 	0 	0 	0 	0 	0 	0 	0 	: 	: 	: 	: 	: 	: 
A	ICCS03011	F	NR	LV	: 	: 	: 	: 	: 	0 	1 	0 	0 	1 	2 	2 	2 	2 	3 	1 
A	ICCS03011	F	NR	ME	0 	0 	0 	0 	0 	0 	0 	0 	0 	0 	0 	0 	0 	0 	0 	0 
A	ICCS03011	F	NR	MT	: 	: 	: 	: 	: 	0 	0 	0 	0 	0 	0 	0 	0 	0 	0 	0 
A	ICCS03011	F	NR	NO	2 	2 	2 	1 	3 	2 	2 	2 	5 	5 	7 	9 	5 	9 	6 	6 
A	ICCS03011	F	NR	PL	: 	: 	: 	: 	: 	: 	: 	: 	1 	1 	3 	4 	3 	1 	2 	2 
A	ICCS03011	F	NR	PT	: 	0 	0 	0 	0 	0 	0 	0 	0 	0 	1 	0 	0 	0 	0 	2 
A	ICCS03011	F	NR	RO	4 	4 	3 	2 	7 	10 	18 	16 	21 	13 	15 	16 	21 	26 	29 	32 
A	ICCS03011	F	NR	RS	: 	: 	: 	: 	: 	0 	0 	0 	1 	1 	1 	1 	3 	3 	0 	0 
A	ICCS03011	F	NR	SE	1 	2 	2 	2 	2 	3 	2 	3 	2 	0 	1 	3 	1 	3 	6 	8 
A	ICCS03011	F	NR	SI	: 	: 	: 	: 	: 	: 	: 	: 	0 	0 	0 	0 	0 	0 	0 	0 
A	ICCS03011	F	NR	SK	: 	: 	: 	: 	: 	: 	0 	0 	0 	0 	0 	0 	0 	0 	: 	1 
A	ICCS03011	F	NR	TR	: 	16 	14 	15 	33 	94 	129 	134 	137 	: 	132 	151 	137 	145 	144 	101 
A	ICCS03011	F	NR	UKC-L	10 	9 	9 	9 	12 	15 	17 	20 	21 	19 	18 	: 	: 	: 	: 	: 
A	ICCS03011	F	NR	UKM	1 	1 	1 	1 	1 	1 	: 	: 	: 	: 	: 	: 	: 	: 	: 	: 
A	ICCS03011	F	NR	UKN	: 	0 	0 	0 	0 	0 	0 	0 	0 	0 	1 	: 	: 	: 	: 	: 
A	ICCS03011	F	NR	XK	: 	: 	: 	: 	: 	0 	0 	0 	: 	: 	0 	0 	0 	: 	: 	: 
A	ICCS03011	F	P_HTHAB	AL	0.13 	0.81 	: 	0.07 	: 	: 	0.07 	0.07 	0.07 	0.00 	0.00 	0.00 	0.00 	0.00 	0.00 	0.00 
A	ICCS03011	F	P_HTHAB	AT	0.00 	0.00 	0.02 	0.09 	0.07 	0.05 	0.09 	0.09 	0.14 	0.13 	0.13 	0.11 	0.13 	0.11 	0.11 	0.13 
A	ICCS03011	F	P_HTHAB	BE	0.15 	0.16 	0.05 	0.13 	0.11 	: 	: 	: 	: 	: 	: 	: 	: 	: 	: 	: 
A	ICCS03011	F	P_HTHAB	BG	0.00 	0.00 	0.03 	0.08 	0.03 	0.03 	0.03 	0.03 	0.03 	0.00 	0.00 	0.00 	0.00 	0.00 	0.03 	0.03 
A	ICCS03011	F	P_HTHAB	CH	0.00 	0.00 	0.00 	0.03 	0.02 	0.00 	0.00 	0.00 	0.00 	0.00 	0.02 	0.00 	0.00 	0.00 	0.00 	: 
A	ICCS03011	F	P_HTHAB	CY	: 	: 	: 	: 	0.00 	0.00 	: 	: 	: 	: 	: 	: 	: 	: 	0.00 	: 
A	ICCS03011	F	P_HTHAB	CZ	: 	: 	: 	0.06 	0.07 	0.13 	0.13 	0.13 	0.07 	0.06 	0.04 	0.04 	0.06 	0.11 	0.15 	0.14 
A	ICCS03011	F	P_HTHAB	DE	: 	: 	: 	: 	: 	0.02 	0.02 	0.02 	0.02 	0.01 	0.02 	0.03 	0.03 	0.03 	0.03 	0.04 
A	ICCS03011	F	P_HTHAB	DK	: 	0.00 	0.00 	0.00 	0.00 	0.04 	0.04 	0.00 	: 	: 	0.07 	0.14 	0.07 	0.10 	0.10 	0.10 
A	ICCS03011	F	P_HTHAB	EE	: 	: 	0.00 	0.00 	: 	0.14 	: 	0.00 	0.00 	0.00 	0.14 	0.14 	0.14 	0.00 	0.14 	0.14 
A	ICCS03011	F	P_HTHAB	EL	0.02 	0.07 	0.04 	0.00 	0.02 	0.02 	0.08 	0.04 	0.11 	0.09 	0.20 	0.07 	0.04 	0.02 	0.07 	0.06 
A	ICCS03011	F	P_HTHAB	ES	0.04 	0.05 	0.06 	0.03 	0.05 	0.04 	0.05 	0.08 	0.22 	0.18 	0.12 	0.22 	0.24 	0.24 	0.24 	0.25 
A	ICCS03011	F	P_HTHAB	FI	: 	: 	: 	: 	: 	: 	: 	: 	: 	: 	: 	: 	: 	: 	: 	0.04 
A	ICCS03011	F	P_HTHAB	FR	0.35 	0.34 	0.31 	0.42 	0.38 	0.29 	0.27 	: 	0.13 	0.21 	0.23 	0.24 	0.26 	0.26 	: 	0.29 
A	ICCS03011	F	P_HTHAB	HR	0.00 	0.00 	0.00 	: 	0.00 	0.00 	0.00 	0.00 	: 	: 	0.00 	0.00 	0.00 	0.00 	0.00 	0.00 
A	ICCS03011	F	P_HTHAB	HU	: 	: 	: 	: 	: 	0.10 	0.04 	0.06 	: 	0.27 	0.12 	0.16 	0.37 	0.47 	0.50 	0.56 
A	ICCS03011	F	P_HTHAB	IS	: 	: 	: 	: 	: 	0.00 	: 	: 	: 	0.00 	0.00 	: 	: 	: 	: 	: 
A	ICCS03011	F	P_HTHAB	IT	0.18 	0.18 	0.15 	0.15 	0.14 	0.13 	0.12 	: 	: 	: 	: 	: 	: 	: 	: 	: 
A	ICCS03011	F	P_HTHAB	LI	: 	: 	: 	: 	: 	: 	: 	: 	0.00 	: 	: 	: 	: 	: 	: 	: 
A	ICCS03011	F	P_HTHAB	LT	0.12 	0.06 	0.18 	0.18 	0.06 	0.12 	0.00 	0.00 	0.00 	0.00 	0.07 	0.00 	0.13 	0.20 	0.00 	0.07 
A	ICCS03011	F	P_HTHAB	LU	: 	: 	: 	0.00 	0.00 	0.00 	0.00 	0.00 	0.00 	0.00 	: 	: 	: 	: 	: 	: 
A	ICCS03011	F	P_HTHAB	LV	: 	: 	: 	: 	: 	0.00 	0.09 	0.00 	0.00 	0.09 	0.19 	0.19 	0.19 	0.20 	0.30 	0.10 
A	ICCS03011	F	P_HTHAB	ME	0.00 	0.00 	0.00 	0.00 	0.00 	0.00 	0.00 	0.00 	0.00 	0.00 	0.00 	0.00 	0.00 	0.00 	0.00 	0.00 
A	ICCS03011	F	P_HTHAB	MT	: 	: 	: 	: 	: 	0.00 	0.00 	0.00 	0.00 	0.00 	0.00 	0.00 	0.00 	0.00 	0.00 	0.00 
A	ICCS03011	F	P_HTHAB	NO	0.04 	0.04 	0.04 	0.02 	0.06 	0.08 	0.08 	0.08 	0.19 	0.19 	0.27 	0.34 	0.19 	0.34 	0.22 	0.22 
A	ICCS03011	F	P_HTHAB	PL	: 	: 	: 	: 	: 	: 	: 	: 	0.01 	0.01 	0.02 	0.02 	0.02 	0.01 	0.01 	0.01 
A	ICCS03011	F	P_HTHAB	PT	: 	0.00 	0.00 	0.00 	0.00 	0.00 	0.00 	0.00 	0.00 	0.00 	0.02 	0.00 	0.00 	0.00 	0.00 	0.04 
A	ICCS03011	F	P_HTHAB	RO	0.04 	0.04 	0.03 	0.02 	0.07 	0.10 	0.18 	0.16 	0.21 	0.13 	0.15 	0.16 	0.21 	0.26 	0.30 	0.33 
A	ICCS03011	F	P_HTHAB	RS	: 	: 	: 	: 	: 	0.00 	0.00 	0.00 	0.03 	0.03 	0.03 	0.03 	0.08 	0.09 	0.00 	0.00 
A	ICCS03011	F	P_HTHAB	SE	0.02 	0.04 	0.04 	0.04 	0.04 	0.06 	0.04 	0.06 	0.04 	0.00 	0.02 	0.06 	0.02 	0.06 	0.12 	0.15 
A	ICCS03011	F	P_HTHAB	SI	: 	: 	: 	: 	: 	: 	: 	: 	0.00 	0.00 	0.00 	0.00 	0.00 	0.00 	0.00 	0.00 
A	ICCS03011	F	P_HTHAB	SK	: 	: 	: 	: 	: 	: 	0.00 	0.00 	0.00 	0.00 	0.00 	0.00 	0.00 	0.00 	: 	0.04 
A	ICCS03011	F	P_HTHAB	TR	: 	0.04 	0.04 	0.04 	0.09 	0.25 	0.34 	0.35 	0.35 	: 	0.33 	0.37 	0.33 	0.35 	0.34 	0.24 
A	ICCS03011	F	P_HTHAB	UKC-L	0.04 	0.03 	0.03 	0.03 	0.04 	0.05 	0.06 	0.07 	0.07 	0.06 	0.06 	: 	: 	: 	: 	: 
A	ICCS03011	F	P_HTHAB	UKM	0.04 	0.04 	0.04 	0.04 	0.04 	0.04 	: 	: 	: 	: 	: 	: 	: 	: 	: 	: 
A	ICCS03011	F	P_HTHAB	UKN	: 	0.00 	0.00 	0.00 	0.00 	0.00 	0.00 	0.00 	: 	: 	: 	: 	: 	: 	: 	: 
A	ICCS03011	F	P_HTHAB	XK	: 	: 	: 	: 	: 	: 	: 	: 	: 	: 	0.00 	0.00 	0.00 	: 	: 	: 
A	ICCS03011	M	NR	AL	107 	95 	60 	73 	74 	71 	79 	77 	98 	90 	108 	74 	65 	64 	82 	78 
A	ICCS03011	M	NR	AT	245 	259 	374 	398 	402 	424 	424 	399 	482 	499 	483 	498 	464 	488 	516 	533 
A	ICCS03011	M	NR	BA	: 	: 	: 	: 	: 	61 	67 	57 	46 	45 	152 	51 	34 	53 	54 	63 
A	ICCS03011	M	NR	BE	782 	767 	736 	776 	827 	: 	: 	: 	: 	: 	: 	: 	: 	: 	: 	: 
A	ICCS03011	M	NR	BG	477 	411 	376 	314 	297 	280 	281 	245 	245 	228 	216 	204 	179 	158 	177 	160 
A	ICCS03011	M	NR	CH	161 	147 	179 	158 	158 	171 	177 	175 	207 	209 	213 	236 	240 	221 	195 	: 
A	ICCS03011	M	NR	CY	: 	: 	: 	: 	30 	35 	: 	: 	: 	: 	: 	: 	: 	: 	40 	: 
A	ICCS03011	M	NR	CZ	: 	: 	: 	501 	491 	463 	469 	496 	538 	540 	539 	546 	520 	530 	645 	626 
A	ICCS03011	M	NR	DE	: 	: 	: 	: 	: 	1320 	1227 	1250 	1193 	1646 	1632 	1478 	1675 	1681 	1615 	1563 
A	ICCS03011	M	NR	DK	57 	53 	56 	50 	62 	54 	71 	96 	102 	105 	138 	168 	158 	181 	208 	209 
A	ICCS03011	M	NR	EE	: 	: 	124 	92 	: 	88 	: 	90 	86 	91 	98 	101 	95 	88 	82 	76 
A	ICCS03011	M	NR	EL	201 	212 	218 	207 	176 	178 	196 	137 	165 	302 	270 	344 	337 	289 	297 	305 
A	ICCS03011	M	NR	ES	2265 	2437 	2459 	2353 	2204 	2158 	2115 	2230 	3174 	3236 	3285 	3328 	3450 	3699 	3993 	3983 
A	ICCS03011	M	NR	FI	: 	: 	: 	: 	: 	: 	: 	: 	: 	: 	: 	: 	: 	: 	: 	78 
A	ICCS03011	M	NR	FR	7974 	7725 	7462 	7551 	7583 	7568 	7162 	: 	4379 	6925 	7180 	7424 	7540 	8318 	: 	9857 
A	ICCS03011	M	NR	HR	145 	158 	156 	: 	142 	100 	97 	91 	: 	: 	47 	52 	36 	41 	51 	42 
A	ICCS03011	M	NR	HU	: 	: 	: 	: 	: 	385 	294 	266 	: 	610 	285 	575 	861 	1059 	1032 	1106 
A	ICCS03011	M	NR	IS	: 	: 	: 	: 	: 	12 	: 	: 	: 	11 	6 	: 	: 	: 	: 	: 
A	ICCS03011	M	NR	IT	1613 	1812 	1905 	1988 	2010 	1933 	1883 	: 	: 	: 	: 	: 	: 	: 	: 	: 
A	ICCS03011	M	NR	LI	: 	: 	: 	: 	: 	: 	: 	: 	0 	: 	: 	: 	: 	: 	: 	: 
A	ICCS03011	M	NR	LT	399 	419 	422 	467 	499 	469 	457 	314 	310 	353 	326 	270 	245 	235 	188 	177 
A	ICCS03011	M	NR	LU	: 	: 	: 	24 	24 	32 	23 	22 	11 	34 	: 	: 	: 	: 	: 	: 
A	ICCS03011	M	NR	LV	: 	: 	: 	: 	: 	148 	138 	132 	134 	136 	125 	122 	130 	127 	142 	136 
A	ICCS03011	M	NR	ME	3 	7 	12 	3 	3 	4 	2 	3 	10 	8 	2 	10 	3 	7 	7 	2 
A	ICCS03011	M	NR	MT	: 	: 	: 	: 	: 	6 	7 	5 	12 	19 	12 	13 	12 	13 	15 	31 
A	ICCS03011	M	NR	NO	224 	258 	254 	283 	271 	261 	330 	364 	380 	385 	391 	420 	447 	489 	561 	547 
A	ICCS03011	M	NR	PL	: 	: 	: 	: 	: 	: 	: 	: 	982 	1094 	1159 	1204 	1187 	1175 	1172 	1252 
A	ICCS03011	M	NR	PT	209 	234 	223 	198 	203 	207 	203 	204 	199 	200 	156 	148 	150 	153 	208 	129 
A	ICCS03011	M	NR	RO	1510 	1487 	1543 	1695 	1737 	1904 	1857 	1916 	2016 	1823 	1832 	1837 	1987 	2532 	2697 	2788 
A	ICCS03011	M	NR	RS	: 	: 	: 	: 	: 	211 	229 	185 	193 	195 	176 	162 	235 	223 	225 	222 
A	ICCS03011	M	NR	SE	443 	424 	413 	396 	382 	371 	390 	374 	358 	348 	337 	450 	550 	566 	645 	665 
A	ICCS03011	M	NR	SI	: 	: 	: 	: 	: 	: 	: 	: 	11 	14 	8 	7 	8 	6 	16 	20 
A	ICCS03011	M	NR	SK	: 	: 	: 	: 	: 	: 	142 	144 	143 	241 	135 	132 	143 	134 	: 	145 
A	ICCS03011	M	NR	TR	: 	546 	895 	813 	2225 	10436 	12686 	14426 	15560 	: 	11870 	11771 	11590 	11449 	11739 	9407 
A	ICCS03011	M	NR	UKC-L	4224 	4456 	4533 	4942 	5233 	5393 	5707 	6155 	6575 	6982 	7141 	: 	: 	: 	: 	: 
A	ICCS03011	M	NR	UKM	176 	172 	168 	161 	154 	160 	: 	: 	: 	: 	: 	: 	: 	: 	: 	: 
A	ICCS03011	M	NR	UKN	: 	48 	44 	40 	44 	94 	92 	76 	55 	54 	46 	: 	: 	: 	: 	: 
A	ICCS03011	M	NR	XK	: 	: 	: 	: 	: 	4 	23 	31 	: 	21 	37 	29 	37 	: 	: 	: 
A	ICCS03011	M	P_HTHAB	AL	6.74 	6.00 	: 	5.13 	: 	: 	5.41 	5.27 	6.71 	6.19 	7.51 	5.18 	4.58 	4.54 	5.91 	5.71 
A	ICCS03011	M	P_HTHAB	AT	6.06 	6.38 	9.20 	9.76 	9.81 	10.28 	10.20 	9.51 	11.28 	11.57 	11.13 	11.43 	10.60 	11.10 	11.66 	11.88 
A	ICCS03011	M	P_HTHAB	BE	14.97 	14.56 	13.85 	14.37 	15.17 	: 	: 	: 	: 	: 	: 	: 	: 	: 	: 	: 
A	ICCS03011	M	P_HTHAB	BG	13.03 	11.30 	10.40 	8.75 	8.33 	7.90 	7.97 	7.00 	7.05 	6.61 	6.31 	6.01 	5.31 	4.72 	5.35 	5.16 
A	ICCS03011	M	P_HTHAB	CH	4.32 	3.88 	4.67 	4.07 	4.03 	4.31 	4.40 	4.30 	5.02 	5.01 	5.06 	5.57 	5.62 	5.14 	4.49 	: 
A	ICCS03011	M	P_HTHAB	CY	: 	: 	: 	: 	7.16 	8.31 	: 	: 	: 	: 	: 	: 	: 	: 	9.07 	: 
A	ICCS03011	M	P_HTHAB	CZ	: 	: 	: 	9.73 	9.52 	8.97 	9.08 	9.58 	10.37 	10.38 	10.33 	10.41 	9.86 	10.05 	12.44 	11.79 
A	ICCS03011	M	P_HTHAB	DE	: 	: 	: 	: 	: 	3.35 	3.10 	3.14 	2.94 	4.04 	4.00 	3.61 	4.08 	4.10 	3.93 	3.82 
A	ICCS03011	M	P_HTHAB	DK	2.10 	1.94 	2.04 	1.81 	2.24 	1.94 	2.54 	3.42 	3.59 	3.67 	4.80 	5.82 	5.45 	6.23 	7.12 	7.09 
A	ICCS03011	M	P_HTHAB	EE	: 	: 	19.97 	14.85 	: 	14.28 	: 	14.64 	13.95 	14.74 	15.78 	16.14 	15.10 	13.95 	12.95 	11.74 
A	ICCS03011	M	P_HTHAB	EL	3.69 	3.89 	3.99 	3.80 	3.24 	3.32 	3.68 	2.60 	3.16 	5.78 	5.18 	6.60 	6.46 	5.56 	5.81 	5.99 
A	ICCS03011	M	P_HTHAB	ES	10.03 	10.65 	10.70 	10.21 	9.54 	9.38 	9.24 	9.77 	13.92 	14.17 	14.36 	14.46 	14.87 	15.93 	17.18 	16.90 
A	ICCS03011	M	P_HTHAB	FI	: 	: 	: 	: 	: 	: 	: 	: 	: 	: 	: 	: 	: 	: 	: 	2.83 
A	ICCS03011	M	P_HTHAB	FR	25.74 	24.80 	23.84 	24.00 	23.99 	23.82 	22.43 	: 	13.58 	21.43 	22.15 	22.86 	23.18 	25.42 	: 	29.79 
A	ICCS03011	M	P_HTHAB	HR	6.98 	7.61 	7.52 	: 	6.89 	4.86 	4.73 	4.46 	: 	: 	2.37 	2.64 	1.83 	2.09 	2.74 	2.26 
A	ICCS03011	M	P_HTHAB	HU	: 	: 	: 	: 	: 	8.16 	6.25 	5.66 	: 	13.05 	6.10 	12.30 	18.39 	22.71 	22.22 	23.91 
A	ICCS03011	M	P_HTHAB	IS	: 	: 	: 	: 	: 	7.43 	: 	: 	: 	6.43 	3.38 	: 	: 	: 	: 	: 
A	ICCS03011	M	P_HTHAB	IT	5.68 	6.34 	6.65 	6.92 	7.00 	6.69 	6.39 	: 	: 	: 	: 	: 	: 	: 	: 	: 
A	ICCS03011	M	P_HTHAB	LI	: 	: 	: 	: 	: 	: 	: 	: 	0.00 	: 	: 	: 	: 	: 	: 	: 
A	ICCS03011	M	P_HTHAB	LT	26.82 	28.44 	29.10 	33.19 	36.07 	34.26 	33.70 	23.32 	23.32 	26.90 	25.13 	20.84 	18.78 	17.89 	14.39 	13.25 
A	ICCS03011	M	P_HTHAB	LU	: 	: 	: 	9.43 	9.17 	11.92 	8.36 	7.80 	3.80 	11.46 	: 	: 	: 	: 	: 	: 
A	ICCS03011	M	P_HTHAB	LV	: 	: 	: 	: 	: 	15.97 	15.05 	14.49 	14.82 	15.18 	14.05 	13.79 	14.76 	14.51 	16.34 	15.59 
A	ICCS03011	M	P_HTHAB	ME	0.99 	2.30 	3.93 	0.98 	0.98 	1.30 	0.65 	0.98 	3.25 	2.60 	0.65 	3.25 	0.98 	2.28 	2.29 	0.66 
A	ICCS03011	M	P_HTHAB	MT	: 	: 	: 	: 	: 	2.86 	3.30 	2.33 	5.52 	8.20 	4.99 	5.16 	4.52 	4.87 	5.55 	10.88 
A	ICCS03011	M	P_HTHAB	NO	4.73 	5.38 	5.23 	5.75 	5.44 	10.29 	12.86 	14.00 	14.48 	14.53 	14.65 	15.64 	16.52 	17.98 	20.49 	19.78 
A	ICCS03011	M	P_HTHAB	PL	: 	: 	: 	: 	: 	: 	: 	: 	5.34 	5.95 	6.31 	6.55 	6.46 	6.42 	6.44 	7.04 
A	ICCS03011	M	P_HTHAB	PT	4.12 	4.62 	4.40 	3.92 	4.04 	4.14 	4.09 	4.14 	4.06 	4.10 	3.20 	3.05 	3.09 	3.15 	4.22 	2.57 
A	ICCS03011	M	P_HTHAB	RO	13.68 	13.49 	14.01 	15.42 	16.83 	19.51 	19.05 	19.74 	20.89 	18.98 	19.18 	19.34 	21.00 	26.97 	29.19 	30.10 
A	ICCS03011	M	P_HTHAB	RS	: 	: 	: 	: 	: 	6.03 	6.58 	5.34 	5.60 	5.69 	5.16 	4.77 	6.96 	6.66 	6.80 	6.87 
A	ICCS03011	M	P_HTHAB	SE	9.71 	9.21 	8.88 	8.44 	8.08 	7.78 	8.10 	7.68 	7.26 	6.94 	6.63 	8.75 	10.59 	10.84 	12.26 	12.55 
A	ICCS03011	M	P_HTHAB	SI	: 	: 	: 	: 	: 	: 	: 	: 	1.07 	1.37 	0.78 	0.67 	0.76 	0.57 	1.51 	1.88 
A	ICCS03011	M	P_HTHAB	SK	: 	: 	: 	: 	: 	: 	5.38 	5.45 	5.40 	9.09 	5.08 	4.96 	5.37 	5.03 	: 	5.46 
A	ICCS03011	M	P_HTHAB	TR	: 	1.52 	2.45 	2.19 	5.93 	27.49 	32.97 	37.00 	39.38 	: 	29.28 	28.61 	27.78 	27.31 	27.67 	22.03 
A	ICCS03011	M	P_HTHAB	UKC-L	15.77 	16.49 	16.64 	17.97 	18.86 	19.30 	20.26 	21.64 	22.91 	24.14 	24.51 	: 	: 	: 	: 	: 
A	ICCS03011	M	P_HTHAB	UKM	7.02 	6.82 	6.61 	6.29 	5.98 	6.20 	: 	: 	: 	: 	: 	: 	: 	: 	: 	: 
A	ICCS03011	M	P_HTHAB	UKN	: 	5.49 	4.99 	4.51 	4.93 	10.49 	10.21 	5.95 	: 	: 	: 	: 	: 	: 	: 	: 
A	ICCS03011	M	P_HTHAB	XK	: 	: 	: 	: 	: 	: 	: 	: 	: 	: 	4.17 	3.28 	4.23 	: 	: 	: 
A	ICCS03011	T	NR	AL	109 	108 	72 	74 	75 	72 	80 	78 	99 	90 	108 	74 	65 	64 	82 	78 
A	ICCS03011	T	NR	AT	245 	259 	375 	402 	405 	426 	428 	403 	488 	505 	489 	503 	470 	493 	521 	539 
A	ICCS03011	T	NR	BA	: 	: 	: 	: 	: 	61 	67 	57 	46 	45 	152 	51 	34 	53 	54 	63 
A	ICCS03011	T	NR	BE	790 	776 	739 	783 	833 	: 	: 	: 	: 	: 	: 	: 	: 	: 	: 	: 
A	ICCS03011	T	NR	BG	477 	411 	377 	317 	298 	281 	282 	246 	246 	228 	216 	204 	179 	158 	178 	161 
A	ICCS03011	T	NR	CH	161 	147 	179 	159 	159 	171 	177 	175 	207 	209 	214 	236 	240 	221 	195 	: 
A	ICCS03011	T	NR	CY	: 	: 	: 	: 	30 	35 	: 	: 	: 	: 	: 	: 	: 	: 	40 	: 
A	ICCS03011	T	NR	CZ	: 	: 	: 	504 	495 	470 	476 	503 	542 	543 	541 	548 	523 	536 	653 	634 
A	ICCS03011	T	NR	DE	: 	: 	: 	: 	: 	1330 	1237 	1260 	1200 	1649 	1639 	1490 	1687 	1695 	1629 	1578 
A	ICCS03011	T	NR	DK	57 	53 	56 	50 	62 	55 	72 	96 	102 	105 	140 	172 	160 	184 	211 	212 
A	ICCS03011	T	NR	EE	94 	101 	124 	92 	: 	89 	92 	90 	86 	91 	99 	102 	96 	88 	83 	77 
A	ICCS03011	T	NR	EL	202 	216 	220 	207 	177 	179 	201 	139 	171 	307 	281 	348 	339 	290 	301 	308 
A	ICCS03011	T	NR	ES	2275 	2449 	2472 	2359 	2217 	2168 	2127 	2248 	3225 	3278 	3313 	3381 	3509 	3756 	4052 	4045 
A	ICCS03011	T	NR	FI	: 	: 	: 	: 	: 	: 	: 	: 	: 	: 	: 	: 	: 	: 	: 	79 
A	ICCS03011	T	NR	FR	8089 	7839 	7564 	7691 	7710 	7666 	7255 	: 	4423 	6998 	7259 	7506 	7629 	8338 	9123 	9960 
A	ICCS03011	T	NR	HR	145 	158 	156 	: 	142 	100 	97 	91 	: 	: 	47 	52 	36 	41 	51 	42 
A	ICCS03011	T	NR	HU	: 	: 	: 	: 	: 	390 	296 	269 	: 	624 	291 	583 	880 	1083 	1057 	1134 
A	ICCS03011	T	NR	IS	: 	: 	: 	: 	: 	12 	: 	: 	: 	11 	6 	: 	: 	: 	: 	: 
A	ICCS03011	T	NR	IT	1667 	1866 	1952 	2034 	2052 	1973 	1922 	: 	: 	: 	: 	: 	: 	: 	: 	: 
A	ICCS03011	T	NR	LI	: 	: 	: 	: 	: 	: 	: 	: 	0 	: 	: 	: 	: 	: 	: 	: 
A	ICCS03011	T	NR	LT	401 	420 	425 	470 	500 	471 	457 	314 	310 	353 	327 	270 	247 	238 	188 	178 
A	ICCS03011	T	NR	LU	: 	: 	: 	24 	24 	32 	23 	22 	11 	34 	: 	: 	: 	: 	: 	: 
A	ICCS03011	T	NR	LV	: 	: 	: 	: 	: 	148 	138 	132 	134 	137 	127 	124 	132 	129 	145 	137 
A	ICCS03011	T	NR	ME	3 	7 	12 	3 	3 	4 	2 	3 	10 	8 	2 	10 	3 	7 	7 	2 
A	ICCS03011	T	NR	MT	: 	: 	: 	: 	: 	6 	7 	5 	12 	19 	12 	13 	12 	13 	15 	31 
A	ICCS03011	T	NR	NO	226 	260 	256 	284 	274 	263 	332 	366 	385 	390 	398 	429 	452 	498 	567 	553 
A	ICCS03011	T	NR	PL	1750 	2030 	1886 	1854 	1831 	1700 	1605 	1561 	983 	1095 	1162 	1208 	1190 	1176 	1174 	1254 
A	ICCS03011	T	NR	PT	209 	234 	223 	198 	203 	207 	203 	204 	199 	200 	157 	148 	150 	153 	208 	131 
A	ICCS03011	T	NR	RO	1514 	1491 	1546 	1697 	1744 	1914 	1875 	1932 	2037 	1836 	1847 	1853 	2008 	2558 	2726 	2820 
A	ICCS03011	T	NR	RS	: 	: 	: 	: 	: 	211 	229 	185 	194 	196 	177 	163 	238 	226 	225 	222 
A	ICCS03011	T	NR	SE	444 	426 	415 	398 	384 	374 	392 	377 	360 	348 	338 	453 	551 	569 	651 	673 
A	ICCS03011	T	NR	SI	46 	42 	34 	27 	24 	30 	29 	23 	11 	14 	8 	7 	8 	6 	16 	20 
A	ICCS03011	T	NR	SK	: 	138 	143 	133 	153 	136 	142 	144 	143 	241 	135 	132 	143 	134 	148 	146 
A	ICCS03011	T	NR	TR	: 	562 	909 	828 	2258 	10530 	12815 	14560 	15697 	: 	12002 	11922 	11727 	11594 	11883 	9508 
A	ICCS03011	T	NR	UKC-L	4234 	4465 	4542 	4951 	5245 	5408 	5724 	6175 	6596 	7001 	7159 	: 	: 	: 	: 	: 
A	ICCS03011	T	NR	UKM	177 	173 	169 	162 	155 	161 	: 	: 	: 	: 	: 	: 	: 	: 	: 	: 
A	ICCS03011	T	NR	UKN	: 	48 	44 	40 	44 	94 	92 	76 	55 	54 	47 	: 	: 	: 	: 	: 
A	ICCS03011	T	NR	XK	: 	43 	46 	35 	34 	41 	23 	31 	: 	21 	37 	29 	37 	: 	: 	: 
A	ICCS03011	T	P_HTHAB	AL	3.44 	3.39 	: 	2.61 	: 	: 	2.76 	2.70 	3.43 	3.13 	3.76 	2.59 	2.28 	2.26 	2.94 	2.82 
A	ICCS03011	T	P_HTHAB	AT	2.95 	3.11 	4.49 	4.80 	4.82 	5.04 	5.03 	4.70 	5.61 	5.76 	5.54 	5.68 	5.28 	5.52 	5.80 	5.92 
A	ICCS03011	T	P_HTHAB	BE	7.41 	7.22 	6.82 	7.12 	7.51 	: 	: 	: 	: 	: 	: 	: 	: 	: 	: 	: 
A	ICCS03011	T	P_HTHAB	BG	6.34 	5.50 	5.08 	4.30 	4.07 	3.86 	3.89 	3.42 	3.44 	3.21 	3.06 	2.91 	2.57 	2.28 	2.60 	2.50 
A	ICCS03011	T	P_HTHAB	CH	2.12 	1.91 	2.30 	2.02 	2.00 	2.13 	2.17 	2.12 	2.49 	2.48 	2.52 	2.76 	2.79 	2.55 	2.23 	: 
A	ICCS03011	T	P_HTHAB	CY	: 	: 	: 	: 	3.48 	4.04 	: 	: 	: 	: 	: 	: 	: 	: 	4.42 	: 
A	ICCS03011	T	P_HTHAB	CZ	: 	: 	: 	4.81 	4.71 	4.47 	4.53 	4.77 	5.14 	5.13 	5.10 	5.15 	4.89 	5.01 	6.21 	5.86 
A	ICCS03011	T	P_HTHAB	DE	: 	: 	: 	: 	: 	1.65 	1.53 	1.55 	1.46 	2.00 	1.98 	1.79 	2.03 	2.04 	1.96 	1.90 
A	ICCS03011	T	P_HTHAB	DK	1.04 	0.96 	1.01 	0.90 	1.11 	0.98 	1.28 	1.70 	1.79 	1.83 	2.42 	2.96 	2.75 	3.15 	3.59 	3.57 
A	ICCS03011	T	P_HTHAB	EE	7.02 	7.56 	9.30 	6.92 	: 	6.74 	6.99 	6.84 	6.54 	6.92 	7.50 	7.70 	7.22 	6.62 	6.23 	5.64 
A	ICCS03011	T	P_HTHAB	EL	1.83 	1.95 	1.98 	1.86 	1.60 	1.63 	1.83 	1.28 	1.59 	2.85 	2.62 	3.24 	3.16 	2.72 	2.88 	2.96 
A	ICCS03011	T	P_HTHAB	ES	4.98 	5.30 	5.32 	5.05 	4.74 	4.64 	4.57 	4.84 	6.94 	7.05 	7.10 	7.20 	7.41 	7.92 	8.54 	8.41 
A	ICCS03011	T	P_HTHAB	FI	: 	: 	: 	: 	: 	: 	: 	: 	: 	: 	: 	: 	: 	: 	: 	1.42 
A	ICCS03011	T	P_HTHAB	FR	12.64 	12.18 	11.70 	11.84 	11.81 	11.69 	11.00 	: 	6.64 	10.47 	10.83 	11.17 	11.33 	12.32 	13.44 	14.59 
A	ICCS03011	T	P_HTHAB	HR	3.36 	3.67 	3.63 	: 	3.32 	2.35 	2.28 	2.15 	: 	: 	1.14 	1.28 	0.89 	1.02 	1.32 	1.09 
A	ICCS03011	T	P_HTHAB	HU	: 	: 	: 	: 	: 	3.94 	3.00 	2.73 	: 	6.37 	2.98 	5.97 	9.01 	11.13 	10.91 	11.81 
A	ICCS03011	T	P_HTHAB	IS	: 	: 	: 	: 	: 	3.73 	: 	: 	: 	3.25 	1.72 	: 	: 	: 	: 	: 
A	ICCS03011	T	P_HTHAB	IT	2.84 	3.16 	3.30 	3.43 	3.45 	3.31 	3.16 	: 	: 	: 	: 	: 	: 	: 	: 	: 
A	ICCS03011	T	P_HTHAB	LI	: 	: 	: 	: 	: 	: 	: 	: 	0.00 	: 	: 	: 	: 	: 	: 	: 
A	ICCS03011	T	P_HTHAB	LT	12.48 	13.19 	13.53 	15.40 	16.65 	15.85 	15.53 	10.75 	10.73 	12.40 	11.64 	9.66 	8.84 	8.51 	6.70 	6.23 
A	ICCS03011	T	P_HTHAB	LU	: 	: 	: 	4.69 	4.57 	5.96 	4.18 	3.91 	1.91 	5.76 	: 	: 	: 	: 	: 	: 
A	ICCS03011	T	P_HTHAB	LV	: 	: 	: 	: 	: 	7.31 	6.89 	6.65 	6.81 	7.03 	6.57 	6.46 	6.92 	6.81 	7.73 	7.28 
A	ICCS03011	T	P_HTHAB	ME	0.49 	1.13 	1.94 	0.48 	0.48 	0.64 	0.32 	0.48 	1.61 	1.29 	0.32 	1.61 	0.48 	1.13 	1.13 	0.32 
A	ICCS03011	T	P_HTHAB	MT	: 	: 	: 	: 	: 	1.42 	1.65 	1.16 	2.76 	4.13 	2.52 	2.63 	2.33 	2.52 	2.88 	5.72 
A	ICCS03011	T	P_HTHAB	NO	4.77 	5.42 	5.27 	5.77 	5.50 	5.21 	6.50 	7.08 	7.39 	7.42 	7.52 	8.05 	8.42 	9.24 	10.45 	10.07 
A	ICCS03011	T	P_HTHAB	PL	4.59 	5.32 	4.96 	4.87 	4.81 	4.47 	4.22 	4.11 	2.59 	2.88 	3.06 	3.18 	3.14 	3.11 	3.12 	3.41 
A	ICCS03011	T	P_HTHAB	PT	1.98 	2.22 	2.11 	1.87 	1.93 	1.97 	1.95 	1.97 	1.92 	1.94 	1.53 	1.44 	1.46 	1.49 	2.01 	1.25 
A	ICCS03011	T	P_HTHAB	RO	7.34 	7.29 	7.20 	7.92 	8.68 	9.56 	9.40 	9.72 	10.31 	9.35 	9.46 	9.54 	10.39 	13.32 	14.32 	14.80 
A	ICCS03011	T	P_HTHAB	RS	: 	: 	: 	: 	: 	2.94 	3.20 	2.60 	2.74 	2.78 	2.53 	2.34 	3.44 	3.29 	3.31 	3.34 
A	ICCS03011	T	P_HTHAB	SE	4.84 	4.60 	4.44 	4.23 	4.05 	3.91 	4.06 	3.87 	3.65 	3.48 	3.34 	4.43 	5.34 	5.48 	6.23 	6.40 
A	ICCS03011	T	P_HTHAB	SI	2.29 	2.07 	1.66 	1.32 	1.17 	1.46 	1.41 	1.11 	0.53 	0.68 	0.39 	0.34 	0.38 	0.28 	0.76 	0.94 
A	ICCS03011	T	P_HTHAB	SK	: 	2.56 	2.65 	2.47 	2.83 	2.51 	2.62 	2.66 	2.64 	4.43 	2.48 	2.42 	2.62 	2.45 	2.72 	2.69 
A	ICCS03011	T	P_HTHAB	TR	: 	0.79 	1.25 	1.12 	3.02 	13.92 	16.71 	18.74 	19.93 	: 	14.85 	14.54 	14.10 	13.87 	14.03 	11.15 
A	ICCS03011	T	P_HTHAB	UKC-L	7.75 	8.11 	8.19 	8.85 	9.30 	9.53 	10.01 	10.71 	11.34 	11.95 	12.14 	: 	: 	: 	: 	: 
A	ICCS03011	T	P_HTHAB	UKM	3.41 	3.32 	3.22 	3.07 	2.92 	3.03 	: 	: 	: 	: 	: 	: 	: 	: 	: 	: 
A	ICCS03011	T	P_HTHAB	UKN	: 	2.69 	2.45 	2.21 	2.42 	5.15 	5.01 	2.92 	: 	: 	: 	: 	: 	: 	: 	: 
A	ICCS03011	T	P_HTHAB	XK	: 	1.97 	2.08 	1.95 	: 	: 	: 	: 	: 	: 	2.06 	1.61 	2.08 	: 	: 	: 
A	ICCS03012	F	NR	AL	1 	3 	5 	3 	2 	1 	2 	2 	0 	0 	0 	0 	0 	0 	0 	0 
A	ICCS03012	F	NR	AT	1 	2 	1 	2 	3 	2 	1 	0 	0 	0 	0 	0 	1 	0 	0 	3 
A	ICCS03012	F	NR	BA	: 	: 	: 	: 	: 	0 	0 	0 	0 	0 	0 	0 	4 	1 	1 	0 
A	ICCS03012	F	NR	BE	17 	16 	14 	11 	7 	: 	: 	: 	: 	: 	: 	: 	: 	: 	: 	: 
A	ICCS03012	F	NR	BG	0 	0 	0 	0 	0 	1 	1 	1 	2 	1 	0 	1 	0 	0 	1 	0 
A	ICCS03012	F	NR	CH	1 	0 	0 	0 	0 	0 	0 	1 	1 	1 	1 	2 	2 	1 	1 	: 
A	ICCS03012	F	NR	CY	: 	: 	: 	: 	: 	: 	: 	: 	: 	: 	: 	: 	: 	: 	0 	: 
A	ICCS03012	F	NR	CZ	: 	: 	: 	20 	26 	174 	23 	6 	5 	4 	3 	2 	1 	3 	2 	2 
A	ICCS03012	F	NR	DE	: 	: 	: 	: 	: 	24 	22 	19 	33 	12 	18 	19 	19 	16 	13 	16 
A	ICCS03012	F	NR	DK	: 	2 	1 	3 	0 	1 	2 	2 	2 	1 	3 	2 	4 	64 	: 	: 
A	ICCS03012	F	NR	EE	: 	: 	: 	0 	: 	0 	: 	0 	0 	0 	0 	0 	0 	0 	0 	0 
A	ICCS03012	F	NR	EL	1 	1 	1 	1 	1 	2 	3 	3 	11 	0 	0 	1 	16 	1 	4 	3 
A	ICCS03012	F	NR	ES	26 	42 	42 	47 	50 	42 	49 	42 	3 	15 	34 	36 	33 	31 	32 	53 
A	ICCS03012	F	NR	FI	0 	1 	5 	7 	3 	3 	3 	2 	: 	: 	: 	: 	: 	: 	: 	0 
A	ICCS03012	F	NR	FR	: 	: 	: 	: 	: 	: 	: 	: 	5 	6 	10 	11 	58 	58 	: 	59 
A	ICCS03012	F	NR	HR	4 	4 	1 	: 	2 	3 	2 	1 	: 	: 	1 	1 	0 	2 	1 	1 
A	ICCS03012	F	NR	HU	: 	: 	: 	: 	: 	0 	1 	0 	: 	3 	4 	4 	: 	: 	: 	: 
A	ICCS03012	F	NR	IS	: 	: 	: 	: 	: 	0 	: 	: 	: 	0 	0 	: 	: 	: 	: 	: 
A	ICCS03012	F	NR	IT	52 	47 	66 	57 	46 	46 	50 	: 	: 	: 	: 	: 	: 	: 	: 	: 
A	ICCS03012	F	NR	LI	: 	: 	: 	: 	: 	: 	: 	: 	0 	0 	: 	: 	: 	: 	: 	: 
A	ICCS03012	F	NR	LT	: 	: 	: 	: 	: 	: 	: 	2 	1 	0 	1 	0 	1 	0 	2 	2 
A	ICCS03012	F	NR	LU	: 	: 	: 	0 	0 	0 	0 	0 	1 	0 	: 	: 	0 	: 	: 	: 
A	ICCS03012	F	NR	LV	: 	: 	: 	: 	: 	0 	1 	1 	2 	4 	4 	4 	3 	3 	3 	3 
A	ICCS03012	F	NR	ME	0 	0 	0 	0 	0 	1 	0 	0 	0 	0 	0 	0 	0 	0 	0 	0 
A	ICCS03012	F	NR	MT	: 	: 	: 	: 	: 	0 	0 	0 	0 	0 	1 	1 	1 	1 	0 	0 
A	ICCS03012	F	NR	NO	0 	0 	0 	0 	0 	0 	0 	0 	0 	1 	1 	1 	0 	1 	0 	0 
A	ICCS03012	F	NR	PL	: 	: 	: 	: 	: 	: 	: 	: 	10 	12 	12 	0 	1 	1 	1 	1 
A	ICCS03012	F	NR	PT	: 	: 	: 	: 	: 	8 	5 	0 	5 	4 	7 	1 	1 	0 	0 	0 
A	ICCS03012	F	NR	RO	1 	1 	1 	0 	0 	1 	1 	2 	3 	2 	1 	3 	3 	6 	2 	2 
A	ICCS03012	F	NR	RS	: 	: 	: 	: 	: 	0 	0 	0 	0 	0 	0 	1 	0 	0 	0 	0 
A	ICCS03012	F	NR	SE	2 	0 	0 	1 	3 	0 	0 	0 	0 	1 	0 	0 	2 	0 	0 	1 
A	ICCS03012	F	NR	SI	: 	: 	: 	: 	: 	: 	: 	: 	0 	0 	0 	0 	0 	0 	0 	0 
A	ICCS03012	F	NR	SK	: 	: 	: 	: 	: 	: 	3 	2 	3 	2 	1 	1 	1 	0 	0 	0 
A	ICCS03012	F	NR	TR	: 	: 	: 	: 	: 	: 	: 	: 	: 	: 	32 	42 	41 	55 	65 	47 
A	ICCS03012	F	NR	UKC-L	37 	51 	74 	74 	71 	62 	75 	68 	87 	92 	110 	: 	: 	: 	: 	: 
A	ICCS03012	F	NR	UKM	0 	0 	0 	0 	0 	0 	: 	: 	: 	: 	: 	: 	: 	: 	: 	: 
A	ICCS03012	F	NR	UKN	: 	0 	0 	0 	0 	0 	0 	0 	1 	2 	1 	: 	: 	: 	: 	: 
A	ICCS03012	F	NR	XK	: 	: 	: 	: 	: 	0 	: 	: 	: 	: 	1 	0 	2 	: 	: 	: 
A	ICCS03012	F	P_HTHAB	AL	0.06 	0.19 	: 	0.21 	: 	: 	0.14 	0.14 	0.00 	0.00 	0.00 	0.00 	0.00 	0.00 	0.00 	0.00 
A	ICCS03012	F	P_HTHAB	AT	0.02 	0.05 	0.02 	0.05 	0.07 	0.05 	0.02 	0.00 	0.00 	0.00 	0.00 	0.00 	0.02 	0.00 	0.00 	0.06 
A	ICCS03012	F	P_HTHAB	BE	0.31 	0.29 	0.25 	0.20 	0.12 	: 	: 	: 	: 	: 	: 	: 	: 	: 	: 	: 
A	ICCS03012	F	P_HTHAB	BG	0.00 	0.00 	0.00 	0.00 	0.00 	0.03 	0.03 	0.03 	0.05 	0.03 	0.00 	0.03 	0.00 	0.00 	0.03 	0.00 
A	ICCS03012	F	P_HTHAB	CH	0.01 	0.00 	0.00 	0.00 	0.00 	0.00 	0.00 	0.02 	0.02 	0.02 	0.02 	0.05 	0.05 	0.02 	0.02 	: 
A	ICCS03012	F	P_HTHAB	CY	: 	: 	: 	: 	: 	: 	: 	: 	: 	: 	: 	: 	: 	: 	0.00 	: 
A	ICCS03012	F	P_HTHAB	CZ	: 	: 	: 	0.37 	0.49 	3.25 	0.43 	0.11 	0.09 	0.07 	0.06 	0.04 	0.02 	0.06 	0.04 	0.04 
A	ICCS03012	F	P_HTHAB	DE	: 	: 	: 	: 	: 	0.06 	0.05 	0.05 	0.08 	0.03 	0.04 	0.05 	0.05 	0.04 	0.03 	0.04 
A	ICCS03012	F	P_HTHAB	DK	: 	0.07 	0.04 	0.11 	0.00 	0.04 	0.07 	0.07 	0.07 	0.03 	0.10 	0.07 	0.14 	2.18 	: 	: 
A	ICCS03012	F	P_HTHAB	EE	: 	: 	: 	0.00 	: 	0.00 	: 	0.00 	0.00 	0.00 	0.00 	0.00 	0.00 	0.00 	0.00 	0.00 
A	ICCS03012	F	P_HTHAB	EL	0.02 	0.02 	0.02 	0.02 	0.02 	0.04 	0.05 	0.05 	0.20 	0.00 	0.00 	0.02 	0.29 	0.02 	0.07 	0.06 
A	ICCS03012	F	P_HTHAB	ES	0.11 	0.18 	0.18 	0.20 	0.21 	0.18 	0.21 	0.18 	0.01 	0.06 	0.14 	0.15 	0.14 	0.13 	0.13 	0.22 
A	ICCS03012	F	P_HTHAB	FI	0.00 	0.04 	0.18 	0.26 	0.11 	0.11 	0.11 	0.07 	: 	: 	: 	: 	: 	: 	: 	0.00 
A	ICCS03012	F	P_HTHAB	FR	: 	: 	: 	: 	: 	: 	: 	: 	0.01 	0.02 	0.03 	0.03 	0.17 	0.17 	: 	0.17 
A	ICCS03012	F	P_HTHAB	HR	0.18 	0.18 	0.04 	: 	0.09 	0.14 	0.09 	0.05 	: 	: 	0.05 	0.05 	0.00 	0.10 	0.05 	0.05 
A	ICCS03012	F	P_HTHAB	HU	: 	: 	: 	: 	: 	0.00 	0.02 	0.00 	: 	0.06 	0.08 	0.08 	: 	: 	: 	: 
A	ICCS03012	F	P_HTHAB	IS	: 	: 	: 	: 	: 	0.00 	: 	: 	: 	0.00 	0.00 	: 	: 	: 	: 	: 
A	ICCS03012	F	P_HTHAB	IT	0.17 	0.15 	0.22 	0.19 	0.15 	0.15 	0.16 	: 	: 	: 	: 	: 	: 	: 	: 	: 
A	ICCS03012	F	P_HTHAB	LI	: 	: 	: 	: 	: 	: 	: 	: 	0.00 	0.00 	: 	: 	: 	: 	: 	: 
A	ICCS03012	F	P_HTHAB	LT	: 	: 	: 	: 	: 	: 	: 	0.13 	0.06 	0.00 	0.07 	0.00 	0.07 	0.00 	0.13 	0.13 
A	ICCS03012	F	P_HTHAB	LU	: 	: 	: 	0.00 	0.00 	0.00 	0.00 	0.00 	0.35 	0.00 	: 	: 	0.00 	: 	: 	: 
A	ICCS03012	F	P_HTHAB	LV	: 	: 	: 	: 	: 	0.00 	0.09 	0.09 	0.19 	0.38 	0.38 	0.39 	0.29 	0.29 	0.30 	0.30 
A	ICCS03012	F	P_HTHAB	ME	0.00 	0.00 	0.00 	0.00 	0.00 	0.32 	0.00 	0.00 	0.00 	0.00 	0.00 	0.00 	0.00 	0.00 	0.00 	0.00 
A	ICCS03012	F	P_HTHAB	MT	: 	: 	: 	: 	: 	0.00 	0.00 	0.00 	0.00 	0.00 	0.43 	0.41 	0.40 	0.40 	0.00 	0.00 
A	ICCS03012	F	P_HTHAB	NO	0.00 	0.00 	0.00 	0.00 	0.00 	0.00 	0.00 	0.00 	0.00 	0.04 	0.04 	0.04 	0.00 	0.04 	0.00 	0.00 
A	ICCS03012	F	P_HTHAB	PL	: 	: 	: 	: 	: 	: 	: 	: 	0.05 	0.06 	0.06 	0.00 	0.01 	0.01 	0.01 	0.01 
A	ICCS03012	F	P_HTHAB	PT	: 	: 	: 	: 	: 	0.15 	0.09 	0.00 	0.09 	0.07 	0.13 	0.02 	0.02 	0.00 	0.00 	0.00 
A	ICCS03012	F	P_HTHAB	RO	0.01 	0.01 	0.01 	0.00 	0.00 	0.01 	0.01 	0.02 	0.03 	0.02 	0.01 	0.03 	0.03 	0.06 	0.02 	0.02 
A	ICCS03012	F	P_HTHAB	RS	: 	: 	: 	: 	: 	0.00 	0.00 	0.00 	0.00 	0.00 	0.00 	0.03 	0.00 	0.00 	0.00 	0.00 
A	ICCS03012	F	P_HTHAB	SE	0.04 	0.00 	0.00 	0.02 	0.06 	0.00 	0.00 	0.00 	0.00 	0.02 	0.00 	0.00 	0.04 	0.00 	0.00 	0.02 
A	ICCS03012	F	P_HTHAB	SI	: 	: 	: 	: 	: 	: 	: 	: 	0.00 	0.00 	0.00 	0.00 	0.00 	0.00 	0.00 	0.00 
A	ICCS03012	F	P_HTHAB	SK	: 	: 	: 	: 	: 	: 	0.11 	0.07 	0.11 	0.07 	0.04 	0.04 	0.04 	0.00 	0.00 	0.00 
A	ICCS03012	F	P_HTHAB	TR	: 	: 	: 	: 	: 	: 	: 	: 	: 	: 	0.08 	0.10 	0.10 	0.13 	0.15 	0.11 
A	ICCS03012	F	P_HTHAB	UKC-L	0.13 	0.18 	0.26 	0.26 	0.25 	0.22 	0.26 	0.23 	0.30 	0.31 	0.37 	: 	: 	: 	: 	: 
A	ICCS03012	F	P_HTHAB	UKM	0.00 	0.00 	0.00 	0.00 	0.00 	0.00 	: 	: 	: 	: 	: 	: 	: 	: 	: 	: 
A	ICCS03012	F	P_HTHAB	UKN	: 	0.00 	0.00 	0.00 	0.00 	0.00 	0.00 	0.00 	0.11 	: 	: 	: 	: 	: 	: 	: 
A	ICCS03012	F	P_HTHAB	XK	: 	: 	: 	: 	: 	: 	: 	: 	: 	: 	0.11 	0.00 	0.22 	: 	: 	: 
A	ICCS03012	M	NR	AL	28 	28 	17 	13 	40 	68 	54 	57 	32 	39 	41 	44 	42 	46 	44 	41 
A	ICCS03012	M	NR	AT	206 	206 	247 	277 	280 	295 	288 	257 	113 	122 	149 	163 	176 	212 	240 	259 
A	ICCS03012	M	NR	BA	: 	: 	: 	: 	: 	56 	49 	62 	48 	74 	64 	70 	63 	85 	70 	39 
A	ICCS03012	M	NR	BE	721 	744 	701 	727 	779 	: 	: 	: 	: 	: 	: 	: 	: 	: 	: 	: 
A	ICCS03012	M	NR	BG	176 	177 	166 	174 	172 	187 	172 	175 	154 	142 	144 	137 	132 	119 	168 	141 
A	ICCS03012	M	NR	CH	61 	70 	71 	64 	82 	81 	75 	78 	91 	80 	95 	129 	126 	131 	116 	: 
A	ICCS03012	M	NR	CY	: 	: 	: 	: 	: 	: 	: 	: 	: 	: 	: 	: 	: 	: 	69 	: 
A	ICCS03012	M	NR	CZ	: 	: 	: 	1031 	1024 	747 	915 	175 	194 	195 	179 	210 	200 	199 	217 	231 
A	ICCS03012	M	NR	DE	: 	: 	: 	: 	: 	2644 	2474 	2436 	2300 	1346 	1409 	1578 	1399 	1480 	1607 	1714 
A	ICCS03012	M	NR	DK	65 	67 	99 	98 	79 	85 	72 	63 	58 	66 	70 	70 	45 	1 	: 	: 
A	ICCS03012	M	NR	EE	: 	: 	: 	20 	: 	11 	: 	17 	17 	16 	16 	16 	23 	18 	17 	20 
A	ICCS03012	M	NR	EL	92 	103 	112 	58 	167 	116 	171 	133 	197 	273 	206 	206 	186 	299 	300 	314 
A	ICCS03012	M	NR	ES	1134 	1210 	1226 	1199 	980 	1026 	1211 	915 	1445 	1549 	1846 	1968 	1912 	1891 	2485 	2713 
A	ICCS03012	M	NR	FI	83 	98 	92 	98 	94 	106 	108 	131 	: 	: 	: 	: 	: 	: 	: 	43 
A	ICCS03012	M	NR	FR	: 	: 	: 	: 	: 	: 	: 	: 	1042 	1425 	1397 	1375 	5490 	5749 	: 	6712 
A	ICCS03012	M	NR	HR	116 	131 	133 	: 	151 	111 	107 	133 	: 	: 	103 	147 	68 	54 	49 	57 
A	ICCS03012	M	NR	HU	: 	: 	: 	: 	: 	15 	95 	82 	: 	70 	76 	138 	: 	: 	: 	: 
A	ICCS03012	M	NR	IS	: 	: 	: 	: 	: 	11 	: 	: 	: 	0 	0 	: 	: 	: 	: 	: 
A	ICCS03012	M	NR	IT	508 	556 	596 	617 	620 	626 	595 	: 	: 	: 	: 	: 	: 	: 	: 	: 
A	ICCS03012	M	NR	LI	: 	: 	: 	: 	: 	: 	: 	: 	1 	2 	: 	: 	: 	: 	: 	: 
A	ICCS03012	M	NR	LT	: 	: 	: 	: 	: 	: 	: 	109 	98 	37 	23 	35 	38 	43 	38 	68 
A	ICCS03012	M	NR	LU	: 	: 	: 	6 	13 	2 	9 	5 	42 	14 	: 	: 	0 	: 	: 	: 
A	ICCS03012	M	NR	LV	: 	: 	: 	: 	: 	123 	109 	120 	133 	150 	158 	174 	180 	199 	308 	345 
A	ICCS03012	M	NR	ME	1 	2 	3 	5 	0 	2 	4 	2 	5 	4 	2 	11 	4 	8 	9 	3 
A	ICCS03012	M	NR	MT	: 	: 	: 	: 	: 	3 	4 	21 	39 	20 	17 	20 	20 	26 	10 	10 
A	ICCS03012	M	NR	NO	15 	15 	11 	13 	28 	17 	15 	18 	21 	35 	35 	20 	36 	28 	30 	24 
A	ICCS03012	M	NR	PL	: 	: 	: 	: 	: 	: 	: 	: 	2332 	2466 	2622 	76 	80 	71 	77 	82 
A	ICCS03012	M	NR	PT	: 	: 	: 	: 	: 	258 	270 	324 	274 	278 	213 	208 	213 	221 	225 	232 
A	ICCS03012	M	NR	RO	71 	85 	92 	91 	111 	129 	137 	162 	194 	204 	94 	173 	238 	293 	321 	299 
A	ICCS03012	M	NR	RS	: 	: 	: 	: 	: 	27 	26 	33 	26 	34 	25 	42 	37 	49 	60 	76 
A	ICCS03012	M	NR	SE	23 	31 	27 	26 	34 	15 	9 	11 	14 	19 	23 	11 	33 	27 	29 	31 
A	ICCS03012	M	NR	SI	: 	: 	: 	: 	: 	: 	: 	: 	4 	6 	73 	52 	50 	34 	51 	6 
A	ICCS03012	M	NR	SK	: 	: 	: 	: 	: 	: 	205 	219 	220 	68 	79 	90 	94 	99 	90 	82 
A	ICCS03012	M	NR	TR	: 	: 	: 	: 	: 	: 	: 	: 	: 	: 	8845 	9493 	10283 	12167 	14522 	10043 
A	ICCS03012	M	NR	UKC-L	3344 	3660 	4688 	4825 	5157 	5070 	5393 	5247 	5848 	6231 	6311 	: 	: 	: 	: 	: 
A	ICCS03012	M	NR	UKM	30 	27 	57 	55 	50 	45 	: 	: 	: 	: 	: 	: 	: 	: 	: 	: 
A	ICCS03012	M	NR	UKN	: 	83 	111 	85 	97 	101 	88 	83 	66 	71 	79 	: 	: 	: 	: 	: 
A	ICCS03012	M	NR	XK	: 	: 	: 	: 	: 	5 	: 	: 	: 	16 	14 	20 	42 	: 	: 	: 
A	ICCS03012	M	P_HTHAB	AL	1.76 	1.77 	: 	0.91 	: 	: 	3.70 	3.90 	2.19 	2.68 	2.85 	3.08 	2.96 	3.26 	3.17 	3.00 
A	ICCS03012	M	P_HTHAB	AT	5.10 	5.08 	6.07 	6.79 	6.83 	7.15 	6.93 	6.13 	2.64 	2.83 	3.43 	3.74 	4.02 	4.82 	5.42 	5.78 
A	ICCS03012	M	P_HTHAB	BE	13.80 	14.12 	13.20 	13.46 	14.29 	: 	: 	: 	: 	: 	: 	: 	: 	: 	: 	: 
A	ICCS03012	M	P_HTHAB	BG	4.81 	4.87 	4.59 	4.85 	4.82 	5.27 	4.88 	5.00 	4.43 	4.12 	4.21 	4.03 	3.92 	3.55 	5.07 	4.55 
A	ICCS03012	M	P_HTHAB	CH	0.80 	0.91 	0.91 	0.81 	1.03 	2.04 	1.86 	1.91 	2.21 	1.92 	2.26 	3.04 	2.95 	3.04 	2.67 	: 
A	ICCS03012	M	P_HTHAB	CY	: 	: 	: 	: 	: 	: 	: 	: 	: 	: 	: 	: 	: 	: 	15.64 	: 
A	ICCS03012	M	P_HTHAB	CZ	: 	: 	: 	20.03 	19.85 	14.46 	17.72 	3.38 	3.74 	3.75 	3.43 	4.00 	3.79 	3.77 	4.19 	4.35 
A	ICCS03012	M	P_HTHAB	DE	: 	: 	: 	: 	: 	6.71 	6.25 	6.12 	5.68 	3.31 	3.45 	3.85 	3.41 	3.61 	3.91 	4.19 
A	ICCS03012	M	P_HTHAB	DK	2.40 	2.45 	3.61 	3.56 	2.86 	3.06 	2.58 	2.24 	2.04 	2.31 	2.43 	2.42 	1.55 	0.03 	: 	: 
A	ICCS03012	M	P_HTHAB	EE	: 	: 	: 	3.23 	: 	1.79 	: 	2.77 	2.76 	2.59 	2.58 	2.56 	3.65 	2.85 	2.68 	3.09 
A	ICCS03012	M	P_HTHAB	EL	1.69 	1.89 	2.05 	1.06 	3.08 	2.16 	3.21 	2.52 	3.77 	5.23 	3.95 	3.96 	3.57 	5.75 	5.87 	6.16 
A	ICCS03012	M	P_HTHAB	ES	5.02 	5.29 	5.33 	5.20 	4.24 	4.46 	5.29 	4.01 	6.34 	6.78 	8.07 	8.55 	8.24 	8.14 	10.69 	11.51 
A	ICCS03012	M	P_HTHAB	FI	3.20 	3.75 	3.50 	3.71 	3.54 	3.98 	4.03 	4.87 	: 	: 	: 	: 	: 	: 	: 	1.56 
A	ICCS03012	M	P_HTHAB	FR	: 	: 	: 	: 	: 	: 	: 	: 	3.23 	4.41 	4.31 	4.23 	16.88 	17.57 	: 	20.29 
A	ICCS03012	M	P_HTHAB	HR	5.59 	6.31 	6.41 	: 	7.32 	5.40 	5.22 	6.52 	: 	: 	5.20 	7.45 	3.45 	2.75 	2.63 	3.06 
A	ICCS03012	M	P_HTHAB	HU	: 	: 	: 	: 	: 	0.32 	2.02 	1.75 	: 	1.50 	1.63 	2.95 	: 	: 	: 	: 
A	ICCS03012	M	P_HTHAB	IS	: 	: 	: 	: 	: 	6.81 	: 	: 	: 	0.00 	0.00 	: 	: 	: 	: 	: 
A	ICCS03012	M	P_HTHAB	IT	1.79 	1.95 	2.08 	2.15 	2.16 	2.17 	2.02 	: 	: 	: 	: 	: 	: 	: 	: 	: 
A	ICCS03012	M	P_HTHAB	LI	: 	: 	: 	: 	: 	: 	: 	: 	5.36 	10.67 	: 	: 	: 	: 	: 	: 
A	ICCS03012	M	P_HTHAB	LT	: 	: 	: 	: 	: 	: 	: 	8.10 	7.37 	2.82 	1.77 	2.70 	2.91 	3.27 	2.91 	5.09 
A	ICCS03012	M	P_HTHAB	LU	: 	: 	: 	2.36 	4.97 	0.75 	3.27 	1.77 	14.52 	4.72 	: 	: 	0.00 	: 	: 	: 
A	ICCS03012	M	P_HTHAB	LV	: 	: 	: 	: 	: 	13.27 	11.89 	13.17 	14.71 	16.75 	17.76 	19.66 	20.43 	22.74 	35.44 	39.55 
A	ICCS03012	M	P_HTHAB	ME	0.33 	0.66 	0.98 	1.63 	0.00 	0.65 	1.30 	0.65 	1.62 	1.30 	0.65 	3.57 	1.30 	2.61 	2.95 	0.98 
A	ICCS03012	M	P_HTHAB	MT	: 	: 	: 	: 	: 	1.43 	1.88 	9.78 	17.93 	8.63 	7.07 	7.94 	7.53 	9.74 	3.70 	3.51 
A	ICCS03012	M	P_HTHAB	NO	0.31 	0.31 	0.22 	0.26 	0.56 	0.67 	0.58 	0.69 	0.80 	1.32 	1.31 	0.74 	1.33 	1.03 	1.10 	0.87 
A	ICCS03012	M	P_HTHAB	PL	: 	: 	: 	: 	: 	: 	: 	: 	12.69 	13.42 	14.27 	0.41 	0.44 	0.39 	0.42 	0.46 
A	ICCS03012	M	P_HTHAB	PT	: 	: 	: 	: 	: 	5.16 	5.45 	6.58 	5.59 	5.69 	4.38 	4.29 	4.38 	4.55 	4.57 	4.62 
A	ICCS03012	M	P_HTHAB	RO	0.64 	0.77 	0.84 	0.83 	1.08 	1.32 	1.41 	1.67 	2.01 	2.12 	0.98 	1.82 	2.52 	3.12 	3.47 	3.23 
A	ICCS03012	M	P_HTHAB	RS	: 	: 	: 	: 	: 	0.77 	0.75 	0.95 	0.75 	0.99 	0.73 	1.24 	1.10 	1.46 	1.81 	2.35 
A	ICCS03012	M	P_HTHAB	SE	0.50 	0.67 	0.58 	0.55 	0.72 	0.31 	0.19 	0.23 	0.28 	0.38 	0.45 	0.21 	0.64 	0.52 	0.55 	0.59 
A	ICCS03012	M	P_HTHAB	SI	: 	: 	: 	: 	: 	: 	: 	: 	0.39 	0.59 	7.11 	5.01 	4.76 	3.21 	4.82 	0.56 
A	ICCS03012	M	P_HTHAB	SK	: 	: 	: 	: 	: 	: 	7.77 	8.29 	8.31 	2.56 	2.97 	3.38 	3.53 	3.71 	3.39 	3.09 
A	ICCS03012	M	P_HTHAB	TR	: 	: 	: 	: 	: 	: 	: 	: 	: 	: 	21.82 	23.07 	24.65 	29.03 	34.23 	23.52 
A	ICCS03012	M	P_HTHAB	UKC-L	12.48 	13.55 	17.21 	17.54 	18.59 	18.14 	19.14 	18.45 	20.38 	21.54 	21.66 	: 	: 	: 	: 	: 
A	ICCS03012	M	P_HTHAB	UKM	1.20 	1.07 	2.24 	2.15 	1.94 	1.74 	: 	: 	: 	: 	: 	: 	: 	: 	: 	: 
A	ICCS03012	M	P_HTHAB	UKN	: 	9.49 	12.59 	9.58 	10.88 	11.27 	9.76 	9.37 	7.34 	: 	: 	: 	: 	: 	: 	: 
A	ICCS03012	M	P_HTHAB	XK	: 	: 	: 	: 	: 	: 	: 	: 	: 	: 	1.58 	2.26 	4.80 	: 	: 	: 
A	ICCS03012	T	NR	AL	29 	31 	22 	16 	42 	69 	56 	59 	32 	39 	41 	44 	42 	46 	44 	41 
A	ICCS03012	T	NR	AT	207 	208 	248 	279 	283 	297 	289 	257 	113 	122 	149 	163 	177 	212 	240 	262 
A	ICCS03012	T	NR	BA	: 	: 	: 	: 	: 	56 	49 	62 	48 	74 	64 	70 	67 	86 	71 	39 
A	ICCS03012	T	NR	BE	738 	760 	715 	738 	786 	: 	: 	: 	: 	: 	: 	: 	: 	: 	: 	: 
A	ICCS03012	T	NR	BG	176 	177 	166 	174 	172 	188 	173 	176 	156 	143 	144 	138 	132 	119 	169 	141 
A	ICCS03012	T	NR	CH	62 	70 	71 	64 	82 	81 	75 	79 	92 	81 	96 	131 	128 	132 	117 	: 
A	ICCS03012	T	NR	CY	: 	: 	: 	: 	14 	14 	: 	: 	: 	: 	: 	: 	: 	: 	69 	: 
A	ICCS03012	T	NR	CZ	: 	: 	: 	1051 	1050 	921 	938 	181 	199 	199 	182 	212 	201 	202 	219 	233 
A	ICCS03012	T	NR	DE	: 	: 	: 	: 	: 	2668 	2496 	2455 	2333 	1358 	1427 	1597 	1418 	1496 	1620 	1730 
A	ICCS03012	T	NR	DK	65 	69 	100 	101 	79 	86 	74 	65 	60 	67 	73 	72 	49 	65 	: 	: 
A	ICCS03012	T	NR	EE	: 	4 	: 	20 	: 	11 	13 	17 	17 	16 	16 	16 	23 	18 	17 	20 
A	ICCS03012	T	NR	EL	93 	104 	113 	59 	168 	118 	174 	136 	208 	273 	206 	207 	202 	300 	304 	317 
A	ICCS03012	T	NR	ES	1160 	1252 	1268 	1246 	1030 	1068 	1260 	957 	1448 	1564 	1880 	2004 	1945 	1922 	2517 	2766 
A	ICCS03012	T	NR	FI	83 	99 	97 	105 	97 	109 	111 	133 	: 	: 	: 	: 	: 	: 	: 	: 
A	ICCS03012	T	NR	FR	: 	: 	: 	: 	: 	: 	: 	: 	1047 	1431 	1407 	1386 	5548 	5807 	: 	6771 
A	ICCS03012	T	NR	HR	120 	135 	134 	: 	153 	114 	109 	134 	: 	: 	104 	148 	68 	56 	50 	58 
A	ICCS03012	T	NR	HU	: 	: 	: 	: 	: 	15 	96 	82 	: 	73 	80 	142 	: 	: 	: 	: 
A	ICCS03012	T	NR	IS	: 	: 	: 	: 	: 	11 	: 	: 	: 	0 	0 	: 	: 	: 	: 	: 
A	ICCS03012	T	NR	IT	560 	603 	662 	674 	666 	672 	645 	: 	: 	: 	: 	: 	: 	: 	: 	: 
A	ICCS03012	T	NR	LI	: 	: 	: 	: 	: 	: 	: 	: 	1 	2 	: 	: 	: 	: 	: 	: 
A	ICCS03012	T	NR	LT	: 	: 	: 	: 	: 	: 	: 	111 	99 	37 	24 	35 	39 	43 	40 	70 
A	ICCS03012	T	NR	LU	: 	: 	: 	6 	13 	2 	9 	5 	43 	14 	: 	: 	0 	: 	: 	: 
A	ICCS03012	T	NR	LV	: 	: 	: 	: 	: 	123 	110 	121 	135 	154 	162 	178 	183 	202 	311 	348 
A	ICCS03012	T	NR	ME	1 	2 	3 	5 	0 	3 	4 	2 	5 	4 	2 	11 	4 	8 	9 	3 
A	ICCS03012	T	NR	MT	: 	: 	: 	: 	: 	3 	4 	21 	39 	20 	18 	21 	21 	27 	10 	10 
A	ICCS03012	T	NR	NO	15 	15 	11 	13 	28 	17 	15 	18 	21 	36 	36 	21 	36 	29 	30 	24 
A	ICCS03012	T	NR	PL	920 	999 	881 	856 	805 	774 	812 	783 	2342 	2478 	2634 	76 	81 	72 	78 	83 
A	ICCS03012	T	NR	PT	227 	211 	244 	259 	282 	266 	275 	324 	279 	282 	220 	209 	214 	221 	225 	232 
A	ICCS03012	T	NR	RO	72 	86 	93 	91 	111 	130 	138 	164 	197 	206 	95 	176 	241 	299 	323 	301 
A	ICCS03012	T	NR	RS	: 	: 	: 	: 	: 	27 	26 	33 	26 	34 	25 	43 	37 	49 	60 	76 
A	ICCS03012	T	NR	SE	25 	31 	27 	27 	37 	15 	9 	11 	14 	20 	23 	11 	35 	27 	29 	32 
A	ICCS03012	T	NR	SI	76 	93 	94 	77 	71 	81 	86 	73 	4 	6 	73 	52 	50 	34 	51 	6 
A	ICCS03012	T	NR	SK	: 	128 	159 	149 	228 	205 	208 	221 	223 	70 	80 	91 	95 	99 	90 	82 
A	ICCS03012	T	NR	TR	: 	: 	: 	: 	: 	: 	: 	: 	: 	: 	8877 	9535 	10324 	12222 	14587 	10090 
A	ICCS03012	T	NR	UKC-L	3381 	3711 	4762 	4899 	5228 	5132 	5468 	5315 	5935 	6323 	6421 	: 	: 	: 	: 	: 
A	ICCS03012	T	NR	UKM	30 	27 	57 	55 	50 	45 	: 	: 	: 	: 	: 	: 	: 	: 	: 	: 
A	ICCS03012	T	NR	UKN	: 	83 	111 	85 	97 	101 	88 	83 	67 	73 	80 	: 	: 	: 	: 	: 
A	ICCS03012	T	NR	XK	: 	: 	: 	: 	: 	5 	: 	: 	: 	16 	15 	20 	44 	: 	: 	: 
A	ICCS03012	T	P_HTHAB	AL	0.91 	0.97 	: 	0.57 	: 	: 	1.93 	2.04 	1.11 	1.36 	1.43 	1.54 	1.48 	1.63 	1.58 	1.48 
A	ICCS03012	T	P_HTHAB	AT	2.49 	2.50 	2.97 	3.33 	3.37 	3.51 	3.40 	3.00 	1.30 	1.39 	1.69 	1.84 	1.99 	2.37 	2.67 	2.88 
A	ICCS03012	T	P_HTHAB	BE	6.92 	7.07 	6.60 	6.71 	7.08 	: 	: 	: 	: 	: 	: 	: 	: 	: 	: 	: 
A	ICCS03012	T	P_HTHAB	BG	2.34 	2.37 	2.24 	2.36 	2.35 	2.58 	2.39 	2.44 	2.18 	2.01 	2.04 	1.97 	1.90 	1.72 	2.47 	2.19 
A	ICCS03012	T	P_HTHAB	CH	0.82 	0.91 	0.91 	0.81 	1.03 	1.01 	0.92 	0.96 	1.10 	0.96 	1.13 	1.53 	1.49 	1.52 	1.34 	: 
A	ICCS03012	T	P_HTHAB	CY	: 	: 	: 	: 	1.62 	1.62 	: 	: 	: 	: 	: 	: 	: 	: 	7.63 	: 
A	ICCS03012	T	P_HTHAB	CZ	: 	: 	: 	10.02 	9.99 	8.76 	8.92 	1.72 	1.89 	1.88 	1.72 	1.99 	1.88 	1.89 	2.08 	2.15 
A	ICCS03012	T	P_HTHAB	DE	: 	: 	: 	: 	: 	3.31 	3.09 	3.02 	2.84 	1.65 	1.72 	1.92 	1.71 	1.80 	1.95 	2.08 
A	ICCS03012	T	P_HTHAB	DK	1.19 	1.25 	1.81 	1.82 	1.42 	1.53 	1.32 	1.15 	1.05 	1.17 	1.26 	1.24 	0.84 	1.11 	: 	: 
A	ICCS03012	T	P_HTHAB	EE	: 	0.30 	: 	1.50 	: 	0.83 	0.99 	1.29 	1.29 	1.22 	1.21 	1.21 	1.73 	1.35 	1.28 	1.46 
A	ICCS03012	T	P_HTHAB	EL	0.84 	0.94 	1.02 	0.53 	1.52 	1.07 	1.59 	1.25 	1.93 	2.54 	1.92 	1.93 	1.88 	2.81 	2.91 	3.04 
A	ICCS03012	T	P_HTHAB	ES	2.54 	2.71 	2.73 	2.67 	2.20 	2.29 	2.71 	2.06 	3.12 	3.36 	4.03 	4.27 	4.11 	4.05 	5.31 	5.75 
A	ICCS03012	T	P_HTHAB	FI	1.57 	1.86 	1.81 	1.95 	1.80 	2.01 	2.04 	2.43 	: 	: 	: 	: 	: 	: 	: 	: 
A	ICCS03012	T	P_HTHAB	FR	: 	: 	: 	: 	: 	: 	: 	: 	1.57 	2.14 	2.10 	2.06 	8.24 	8.58 	: 	9.92 
A	ICCS03012	T	P_HTHAB	HR	2.78 	3.13 	3.11 	: 	3.58 	2.67 	2.57 	3.17 	: 	: 	2.53 	3.63 	1.68 	1.39 	1.29 	1.51 
A	ICCS03012	T	P_HTHAB	HU	: 	: 	: 	: 	: 	0.15 	0.97 	0.83 	: 	0.75 	0.82 	1.45 	: 	: 	: 	: 
A	ICCS03012	T	P_HTHAB	IS	: 	: 	: 	: 	: 	3.42 	: 	: 	: 	0.00 	0.00 	: 	: 	: 	: 	: 
A	ICCS03012	T	P_HTHAB	IT	0.95 	1.02 	1.12 	1.14 	1.12 	1.13 	1.06 	: 	: 	: 	: 	: 	: 	: 	: 	: 
A	ICCS03012	T	P_HTHAB	LI	: 	: 	: 	: 	: 	: 	: 	: 	2.66 	5.29 	: 	: 	: 	: 	: 	: 
A	ICCS03012	T	P_HTHAB	LT	: 	: 	: 	: 	: 	: 	: 	3.80 	3.43 	1.30 	0.85 	1.25 	1.40 	1.54 	1.43 	2.45 
A	ICCS03012	T	P_HTHAB	LU	: 	: 	: 	1.17 	2.48 	0.37 	1.64 	0.89 	7.46 	2.37 	: 	: 	0.00 	: 	: 	: 
A	ICCS03012	T	P_HTHAB	LV	: 	: 	: 	: 	: 	6.08 	5.50 	6.09 	6.86 	7.90 	8.37 	9.27 	9.59 	10.67 	16.58 	18.48 
A	ICCS03012	T	P_HTHAB	ME	0.16 	0.32 	0.48 	0.81 	0.00 	0.48 	0.64 	0.32 	0.80 	0.64 	0.32 	1.77 	0.64 	1.29 	1.46 	0.49 
A	ICCS03012	T	P_HTHAB	MT	: 	: 	: 	: 	: 	0.71 	0.94 	4.89 	8.98 	4.35 	3.78 	4.25 	4.08 	5.23 	1.92 	1.84 
A	ICCS03012	T	P_HTHAB	NO	0.31 	0.31 	0.22 	0.26 	0.56 	0.34 	0.29 	0.35 	0.40 	0.68 	0.68 	0.39 	0.67 	0.54 	0.55 	0.44 
A	ICCS03012	T	P_HTHAB	PL	2.41 	2.62 	2.32 	2.25 	2.11 	2.03 	2.14 	2.06 	6.17 	6.53 	6.94 	0.20 	0.21 	0.19 	0.21 	0.23 
A	ICCS03012	T	P_HTHAB	PT	2.15 	1.99 	2.30 	2.44 	2.67 	2.54 	2.64 	3.12 	2.70 	2.74 	2.14 	2.03 	2.08 	2.15 	2.17 	2.21 
A	ICCS03012	T	P_HTHAB	RO	0.35 	0.42 	0.43 	0.42 	0.55 	0.65 	0.69 	0.83 	1.00 	1.05 	0.49 	0.91 	1.25 	1.56 	1.70 	1.58 
A	ICCS03012	T	P_HTHAB	RS	: 	: 	: 	: 	: 	0.38 	0.36 	0.46 	0.37 	0.48 	0.36 	0.62 	0.53 	0.71 	0.88 	1.14 
A	ICCS03012	T	P_HTHAB	SE	0.27 	0.33 	0.29 	0.29 	0.39 	0.16 	0.09 	0.11 	0.14 	0.20 	0.23 	0.11 	0.34 	0.26 	0.28 	0.30 
A	ICCS03012	T	P_HTHAB	SI	3.78 	4.58 	4.59 	3.76 	3.45 	3.93 	4.17 	3.54 	0.19 	0.29 	3.53 	2.50 	2.39 	1.61 	2.42 	0.28 
A	ICCS03012	T	P_HTHAB	SK	: 	2.38 	2.95 	2.76 	4.22 	3.79 	3.84 	4.08 	4.11 	1.29 	1.47 	1.67 	1.74 	1.81 	1.66 	1.51 
A	ICCS03012	T	P_HTHAB	TR	: 	: 	: 	: 	: 	: 	: 	: 	: 	: 	10.98 	11.63 	12.42 	14.62 	17.23 	11.83 
A	ICCS03012	T	P_HTHAB	UKC-L	6.19 	6.74 	8.59 	8.76 	9.27 	9.04 	9.56 	9.22 	10.21 	10.80 	10.89 	: 	: 	: 	: 	: 
A	ICCS03012	T	P_HTHAB	UKM	0.58 	0.52 	1.09 	1.04 	0.94 	0.85 	: 	: 	: 	: 	: 	: 	: 	: 	: 	: 
A	ICCS03012	T	P_HTHAB	UKN	: 	4.65 	6.17 	4.70 	5.33 	5.53 	4.79 	4.60 	3.66 	: 	: 	: 	: 	: 	: 	: 
A	ICCS03012	T	P_HTHAB	XK	: 	: 	: 	: 	: 	: 	: 	: 	: 	: 	0.83 	1.11 	2.47 	: 	: 	: 
A	ICCS07031	F	NR	AL	: 	: 	: 	: 	: 	: 	: 	: 	: 	: 	: 	: 	0 	2 	1 	3 
A	ICCS07031	F	NR	AT	: 	: 	: 	: 	: 	: 	: 	: 	: 	: 	: 	: 	0 	0 	0 	0 
A	ICCS07031	F	NR	BA	: 	: 	: 	: 	: 	: 	: 	: 	: 	: 	: 	: 	2 	5 	3 	5 
A	ICCS07031	F	NR	BG	: 	: 	: 	: 	: 	: 	: 	: 	: 	: 	: 	: 	0 	0 	0 	2 
A	ICCS07031	F	NR	CH	: 	: 	: 	: 	: 	: 	: 	: 	: 	: 	: 	: 	0 	0 	0 	: 
A	ICCS07031	F	NR	CY	: 	: 	: 	: 	: 	: 	: 	: 	: 	: 	: 	: 	: 	: 	0 	: 
A	ICCS07031	F	NR	CZ	: 	: 	: 	: 	: 	: 	: 	: 	: 	: 	: 	: 	477 	1 	5 	2 
A	ICCS07031	F	NR	DE	: 	: 	: 	: 	: 	: 	: 	: 	: 	: 	: 	: 	1 	0 	1 	1 
A	ICCS07031	F	NR	EE	: 	: 	: 	: 	: 	: 	: 	: 	: 	: 	: 	: 	0 	0 	0 	1 
A	ICCS07031	F	NR	EL	: 	: 	: 	: 	: 	: 	: 	: 	: 	: 	: 	: 	0 	0 	0 	0 
A	ICCS07031	F	NR	ES	: 	: 	: 	: 	: 	: 	: 	: 	: 	: 	: 	: 	137 	114 	181 	181 
A	ICCS07031	F	NR	FI	: 	: 	: 	: 	: 	: 	: 	: 	: 	: 	: 	: 	: 	: 	: 	0 
A	ICCS07031	F	NR	FR	: 	: 	: 	: 	: 	: 	: 	: 	: 	: 	: 	: 	5 	4 	: 	12 
A	ICCS07031	F	NR	HR	: 	: 	: 	: 	: 	: 	: 	: 	: 	: 	: 	: 	0 	0 	0 	0 
A	ICCS07031	F	NR	HU	: 	: 	: 	: 	: 	: 	: 	: 	: 	: 	: 	: 	15 	27 	8 	12 
A	ICCS07031	F	NR	IT	: 	: 	: 	: 	: 	: 	: 	: 	: 	: 	: 	: 	4 	7 	6 	9 
A	ICCS07031	F	NR	LT	: 	: 	: 	: 	: 	: 	: 	: 	: 	: 	: 	: 	0 	0 	0 	0 
A	ICCS07031	F	NR	LV	: 	: 	: 	: 	: 	: 	: 	: 	: 	: 	: 	: 	1 	1 	0 	0 
A	ICCS07031	F	NR	ME	: 	: 	: 	: 	: 	: 	: 	: 	: 	: 	: 	: 	0 	0 	0 	0 
A	ICCS07031	F	NR	MT	: 	: 	: 	: 	: 	: 	: 	: 	: 	: 	: 	: 	0 	0 	0 	0 
A	ICCS07031	F	NR	PL	: 	: 	: 	: 	: 	: 	: 	: 	: 	: 	: 	: 	7 	3 	4 	5 
A	ICCS07031	F	NR	PT	: 	: 	: 	: 	: 	: 	: 	: 	: 	: 	: 	: 	0 	1 	2 	3 
A	ICCS07031	F	NR	RO	: 	: 	: 	: 	: 	: 	: 	: 	: 	: 	: 	: 	7 	6 	6 	6 
A	ICCS07031	F	NR	RS	: 	: 	: 	: 	: 	: 	: 	: 	: 	: 	: 	: 	2 	3 	2 	1 
A	ICCS07031	F	NR	SE	: 	: 	: 	: 	: 	: 	: 	: 	: 	: 	: 	: 	0 	0 	0 	0 
A	ICCS07031	F	NR	SI	: 	: 	: 	: 	: 	: 	: 	: 	: 	: 	: 	: 	9 	7 	4 	0 
A	ICCS07031	F	NR	SK	: 	: 	: 	: 	: 	: 	: 	: 	: 	: 	: 	: 	2 	2 	: 	0 
A	ICCS07031	F	NR	TR	: 	: 	: 	: 	: 	: 	: 	: 	: 	: 	: 	: 	7 	18 	14 	14 
A	ICCS07031	F	NR	XK	: 	: 	: 	: 	: 	: 	: 	: 	: 	: 	: 	: 	0 	: 	: 	: 
A	ICCS07031	F	P_HTHAB	AL	: 	: 	: 	: 	: 	: 	: 	: 	: 	: 	: 	: 	0.00 	0.14 	0.07 	0.22 
A	ICCS07031	F	P_HTHAB	AT	: 	: 	: 	: 	: 	: 	: 	: 	: 	: 	: 	: 	0.00 	0.00 	0.00 	0.00 
A	ICCS07031	F	P_HTHAB	BG	: 	: 	: 	: 	: 	: 	: 	: 	: 	: 	: 	: 	0.00 	0.00 	0.00 	0.06 
A	ICCS07031	F	P_HTHAB	CH	: 	: 	: 	: 	: 	: 	: 	: 	: 	: 	: 	: 	0.00 	0.00 	0.00 	: 
A	ICCS07031	F	P_HTHAB	CY	: 	: 	: 	: 	: 	: 	: 	: 	: 	: 	: 	: 	: 	: 	0.00 	: 
A	ICCS07031	F	P_HTHAB	CZ	: 	: 	: 	: 	: 	: 	: 	: 	: 	: 	: 	: 	8.80 	0.02 	0.09 	0.04 
A	ICCS07031	F	P_HTHAB	DE	: 	: 	: 	: 	: 	: 	: 	: 	: 	: 	: 	: 	0.00 	0.00 	0.00 	0.00 
A	ICCS07031	F	P_HTHAB	EE	: 	: 	: 	: 	: 	: 	: 	: 	: 	: 	: 	: 	0.00 	0.00 	0.00 	0.14 
A	ICCS07031	F	P_HTHAB	EL	: 	: 	: 	: 	: 	: 	: 	: 	: 	: 	: 	: 	0.00 	0.00 	0.00 	0.00 
A	ICCS07031	F	P_HTHAB	ES	: 	: 	: 	: 	: 	: 	: 	: 	: 	: 	: 	: 	0.57 	0.47 	0.75 	0.74 
A	ICCS07031	F	P_HTHAB	FI	: 	: 	: 	: 	: 	: 	: 	: 	: 	: 	: 	: 	: 	: 	: 	0.00 
A	ICCS07031	F	P_HTHAB	FR	: 	: 	: 	: 	: 	: 	: 	: 	: 	: 	: 	: 	0.01 	0.01 	: 	0.03 
A	ICCS07031	F	P_HTHAB	HR	: 	: 	: 	: 	: 	: 	: 	: 	: 	: 	: 	: 	0.00 	0.00 	0.00 	0.00 
A	ICCS07031	F	P_HTHAB	HU	: 	: 	: 	: 	: 	: 	: 	: 	: 	: 	: 	: 	0.30 	0.54 	0.16 	0.24 
A	ICCS07031	F	P_HTHAB	IT	: 	: 	: 	: 	: 	: 	: 	: 	: 	: 	: 	: 	0.01 	0.02 	0.02 	0.03 
A	ICCS07031	F	P_HTHAB	LT	: 	: 	: 	: 	: 	: 	: 	: 	: 	: 	: 	: 	0.00 	0.00 	0.00 	0.00 
A	ICCS07031	F	P_HTHAB	LV	: 	: 	: 	: 	: 	: 	: 	: 	: 	: 	: 	: 	0.10 	0.10 	0.00 	0.00 
A	ICCS07031	F	P_HTHAB	ME	: 	: 	: 	: 	: 	: 	: 	: 	: 	: 	: 	: 	0.00 	0.00 	0.00 	0.00 
A	ICCS07031	F	P_HTHAB	MT	: 	: 	: 	: 	: 	: 	: 	: 	: 	: 	: 	: 	0.00 	0.00 	0.00 	0.00 
A	ICCS07031	F	P_HTHAB	PL	: 	: 	: 	: 	: 	: 	: 	: 	: 	: 	: 	: 	0.04 	0.02 	0.02 	0.03 
A	ICCS07031	F	P_HTHAB	PT	: 	: 	: 	: 	: 	: 	: 	: 	: 	: 	: 	: 	0.00 	0.02 	0.04 	0.05 
A	ICCS07031	F	P_HTHAB	RO	: 	: 	: 	: 	: 	: 	: 	: 	: 	: 	: 	: 	0.07 	0.06 	0.06 	0.06 
A	ICCS07031	F	P_HTHAB	RS	: 	: 	: 	: 	: 	: 	: 	: 	: 	: 	: 	: 	0.06 	0.09 	0.06 	0.03 
A	ICCS07031	F	P_HTHAB	SE	: 	: 	: 	: 	: 	: 	: 	: 	: 	: 	: 	: 	0.00 	0.00 	0.00 	0.00 
A	ICCS07031	F	P_HTHAB	SI	: 	: 	: 	: 	: 	: 	: 	: 	: 	: 	: 	: 	0.86 	0.67 	0.38 	0.00 
A	ICCS07031	F	P_HTHAB	SK	: 	: 	: 	: 	: 	: 	: 	: 	: 	: 	: 	: 	0.07 	0.07 	: 	0.00 
A	ICCS07031	F	P_HTHAB	TR	: 	: 	: 	: 	: 	: 	: 	: 	: 	: 	: 	: 	0.02 	0.04 	0.03 	0.03 
A	ICCS07031	F	P_HTHAB	XK	: 	: 	: 	: 	: 	: 	: 	: 	: 	: 	: 	: 	0.00 	: 	: 	: 
A	ICCS07031	M	NR	AL	: 	: 	: 	: 	: 	: 	: 	: 	: 	: 	: 	: 	9 	8 	64 	126 
A	ICCS07031	M	NR	AT	: 	: 	: 	: 	: 	: 	: 	: 	: 	: 	: 	: 	3 	7 	12 	7 
A	ICCS07031	M	NR	BA	: 	: 	: 	: 	: 	: 	: 	: 	: 	: 	: 	: 	31 	28 	15 	12 
A	ICCS07031	M	NR	BG	: 	: 	: 	: 	: 	: 	: 	: 	: 	: 	: 	: 	5 	6 	7 	7 
A	ICCS07031	M	NR	CH	: 	: 	: 	: 	: 	: 	: 	: 	: 	: 	: 	: 	0 	0 	1 	: 
A	ICCS07031	M	NR	CY	: 	: 	: 	: 	: 	: 	: 	: 	: 	: 	: 	: 	: 	: 	0 	: 
A	ICCS07031	M	NR	CZ	: 	: 	: 	: 	: 	: 	: 	: 	: 	: 	: 	: 	3604 	20 	32 	19 
A	ICCS07031	M	NR	DE	: 	: 	: 	: 	: 	: 	: 	: 	: 	: 	: 	: 	20 	20 	17 	24 
A	ICCS07031	M	NR	EE	: 	: 	: 	: 	: 	: 	: 	: 	: 	: 	: 	: 	2 	3 	1 	0 
A	ICCS07031	M	NR	EL	: 	: 	: 	: 	: 	: 	: 	: 	: 	: 	: 	: 	8 	12 	6 	5 
A	ICCS07031	M	NR	ES	: 	: 	: 	: 	: 	: 	: 	: 	: 	: 	: 	: 	1076 	1059 	1078 	1077 
A	ICCS07031	M	NR	FI	: 	: 	: 	: 	: 	: 	: 	: 	: 	: 	: 	: 	: 	: 	: 	0 
A	ICCS07031	M	NR	FR	: 	: 	: 	: 	: 	: 	: 	: 	: 	: 	: 	: 	70 	50 	: 	84 
A	ICCS07031	M	NR	HR	: 	: 	: 	: 	: 	: 	: 	: 	: 	: 	: 	: 	7 	6 	5 	3 
A	ICCS07031	M	NR	HU	: 	: 	: 	: 	: 	: 	: 	: 	: 	: 	: 	: 	90 	223 	75 	102 
A	ICCS07031	M	NR	IT	: 	: 	: 	: 	: 	: 	: 	: 	: 	: 	: 	: 	302 	302 	331 	325 
A	ICCS07031	M	NR	LT	: 	: 	: 	: 	: 	: 	: 	: 	: 	: 	: 	: 	3 	1 	2 	4 
A	ICCS07031	M	NR	LV	: 	: 	: 	: 	: 	: 	: 	: 	: 	: 	: 	: 	9 	15 	13 	15 
A	ICCS07031	M	NR	ME	: 	: 	: 	: 	: 	: 	: 	: 	: 	: 	: 	: 	0 	0 	0 	0 
A	ICCS07031	M	NR	MT	: 	: 	: 	: 	: 	: 	: 	: 	: 	: 	: 	: 	0 	0 	0 	0 
A	ICCS07031	M	NR	PL	: 	: 	: 	: 	: 	: 	: 	: 	: 	: 	: 	: 	151 	134 	129 	162 
A	ICCS07031	M	NR	PT	: 	: 	: 	: 	: 	: 	: 	: 	: 	: 	: 	: 	22 	26 	25 	33 
A	ICCS07031	M	NR	RO	: 	: 	: 	: 	: 	: 	: 	: 	: 	: 	: 	: 	48 	62 	56 	56 
A	ICCS07031	M	NR	RS	: 	: 	: 	: 	: 	: 	: 	: 	: 	: 	: 	: 	20 	20 	13 	9 
A	ICCS07031	M	NR	SE	: 	: 	: 	: 	: 	: 	: 	: 	: 	: 	: 	: 	1 	2 	0 	2 
A	ICCS07031	M	NR	SI	: 	: 	: 	: 	: 	: 	: 	: 	: 	: 	: 	: 	22 	13 	15 	2 
A	ICCS07031	M	NR	SK	: 	: 	: 	: 	: 	: 	: 	: 	: 	: 	: 	: 	5 	8 	10 	10 
A	ICCS07031	M	NR	TR	: 	: 	: 	: 	: 	: 	: 	: 	: 	: 	: 	: 	209 	224 	246 	242 
A	ICCS07031	M	NR	XK	: 	: 	: 	: 	: 	: 	: 	: 	: 	: 	: 	: 	13 	: 	: 	: 
A	ICCS07031	M	P_HTHAB	AL	: 	: 	: 	: 	: 	: 	: 	: 	: 	: 	: 	: 	0.63 	0.57 	4.61 	9.22 
A	ICCS07031	M	P_HTHAB	AT	: 	: 	: 	: 	: 	: 	: 	: 	: 	: 	: 	: 	0.07 	0.16 	0.27 	0.16 
A	ICCS07031	M	P_HTHAB	BG	: 	: 	: 	: 	: 	: 	: 	: 	: 	: 	: 	: 	0.16 	0.19 	0.22 	0.23 
A	ICCS07031	M	P_HTHAB	CH	: 	: 	: 	: 	: 	: 	: 	: 	: 	: 	: 	: 	0.00 	0.00 	0.02 	: 
A	ICCS07031	M	P_HTHAB	CY	: 	: 	: 	: 	: 	: 	: 	: 	: 	: 	: 	: 	: 	: 	0.00 	: 
A	ICCS07031	M	P_HTHAB	CZ	: 	: 	: 	: 	: 	: 	: 	: 	: 	: 	: 	: 	68.36 	0.39 	0.62 	0.36 
A	ICCS07031	M	P_HTHAB	DE	: 	: 	: 	: 	: 	: 	: 	: 	: 	: 	: 	: 	0.05 	0.05 	0.04 	0.06 
A	ICCS07031	M	P_HTHAB	EE	: 	: 	: 	: 	: 	: 	: 	: 	: 	: 	: 	: 	0.32 	0.48 	0.16 	0.00 
A	ICCS07031	M	P_HTHAB	EL	: 	: 	: 	: 	: 	: 	: 	: 	: 	: 	: 	: 	0.15 	0.23 	0.12 	0.10 
A	ICCS07031	M	P_HTHAB	ES	: 	: 	: 	: 	: 	: 	: 	: 	: 	: 	: 	: 	4.64 	4.56 	4.63 	4.57 
A	ICCS07031	M	P_HTHAB	FI	: 	: 	: 	: 	: 	: 	: 	: 	: 	: 	: 	: 	: 	: 	: 	0.00 
A	ICCS07031	M	P_HTHAB	FR	: 	: 	: 	: 	: 	: 	: 	: 	: 	: 	: 	: 	0.21 	0.15 	: 	0.25 
A	ICCS07031	M	P_HTHAB	HR	: 	: 	: 	: 	: 	: 	: 	: 	: 	: 	: 	: 	0.37 	0.32 	0.27 	0.16 
A	ICCS07031	M	P_HTHAB	HU	: 	: 	: 	: 	: 	: 	: 	: 	: 	: 	: 	: 	1.93 	4.80 	1.62 	2.21 
A	ICCS07031	M	P_HTHAB	IT	: 	: 	: 	: 	: 	: 	: 	: 	: 	: 	: 	: 	1.04 	1.05 	1.15 	1.13 
A	ICCS07031	M	P_HTHAB	LT	: 	: 	: 	: 	: 	: 	: 	: 	: 	: 	: 	: 	0.23 	0.08 	0.15 	0.30 
A	ICCS07031	M	P_HTHAB	LV	: 	: 	: 	: 	: 	: 	: 	: 	: 	: 	: 	: 	1.02 	1.71 	1.50 	1.72 
A	ICCS07031	M	P_HTHAB	ME	: 	: 	: 	: 	: 	: 	: 	: 	: 	: 	: 	: 	0.00 	0.00 	0.00 	0.00 
A	ICCS07031	M	P_HTHAB	MT	: 	: 	: 	: 	: 	: 	: 	: 	: 	: 	: 	: 	0.00 	0.00 	0.00 	0.00 
A	ICCS07031	M	P_HTHAB	PL	: 	: 	: 	: 	: 	: 	: 	: 	: 	: 	: 	: 	0.82 	0.75 	0.72 	0.91 
A	ICCS07031	M	P_HTHAB	PT	: 	: 	: 	: 	: 	: 	: 	: 	: 	: 	: 	: 	0.45 	0.53 	0.50 	0.66 
A	ICCS07031	M	P_HTHAB	RO	: 	: 	: 	: 	: 	: 	: 	: 	: 	: 	: 	: 	0.51 	0.66 	0.61 	0.60 
A	ICCS07031	M	P_HTHAB	RS	: 	: 	: 	: 	: 	: 	: 	: 	: 	: 	: 	: 	0.59 	0.60 	0.39 	0.28 
A	ICCS07031	M	P_HTHAB	SE	: 	: 	: 	: 	: 	: 	: 	: 	: 	: 	: 	: 	0.02 	0.04 	0.00 	0.04 
A	ICCS07031	M	P_HTHAB	SI	: 	: 	: 	: 	: 	: 	: 	: 	: 	: 	: 	: 	2.09 	1.23 	1.42 	0.19 
A	ICCS07031	M	P_HTHAB	SK	: 	: 	: 	: 	: 	: 	: 	: 	: 	: 	: 	: 	0.19 	0.30 	0.38 	0.38 
A	ICCS07031	M	P_HTHAB	TR	: 	: 	: 	: 	: 	: 	: 	: 	: 	: 	: 	: 	0.50 	0.53 	0.58 	0.57 
A	ICCS07031	M	P_HTHAB	XK	: 	: 	: 	: 	: 	: 	: 	: 	: 	: 	: 	: 	1.49 	: 	: 	: 
A	ICCS07031	T	NR	AL	: 	: 	: 	: 	: 	: 	: 	: 	: 	: 	: 	: 	9 	10 	65 	129 
A	ICCS07031	T	NR	AT	: 	: 	: 	: 	: 	: 	: 	: 	: 	: 	: 	: 	3 	7 	12 	7 
A	ICCS07031	T	NR	BA	: 	: 	: 	: 	: 	: 	: 	: 	: 	: 	: 	: 	33 	33 	18 	17 
A	ICCS07031	T	NR	BG	: 	: 	: 	: 	: 	: 	: 	: 	: 	: 	: 	: 	5 	6 	7 	9 
A	ICCS07031	T	NR	CH	: 	: 	: 	: 	: 	: 	: 	: 	: 	: 	: 	: 	0 	0 	1 	: 
A	ICCS07031	T	NR	CY	: 	: 	: 	: 	: 	: 	: 	: 	: 	: 	: 	: 	: 	: 	0 	: 
A	ICCS07031	T	NR	CZ	: 	: 	: 	: 	: 	: 	: 	: 	: 	: 	: 	: 	4081 	21 	37 	21 
A	ICCS07031	T	NR	DE	: 	: 	: 	: 	: 	: 	: 	: 	: 	: 	: 	: 	21 	20 	18 	25 
A	ICCS07031	T	NR	EE	: 	: 	: 	: 	: 	: 	: 	: 	: 	: 	: 	: 	2 	3 	1 	1 
A	ICCS07031	T	NR	EL	: 	: 	: 	: 	: 	: 	: 	: 	: 	: 	: 	: 	8 	12 	6 	5 
A	ICCS07031	T	NR	ES	: 	: 	: 	: 	: 	: 	: 	: 	: 	: 	: 	: 	1213 	1173 	1259 	1258 
A	ICCS07031	T	NR	FI	: 	: 	: 	: 	: 	: 	: 	: 	: 	: 	: 	: 	: 	: 	: 	0 
A	ICCS07031	T	NR	FR	: 	: 	: 	: 	: 	: 	: 	: 	: 	: 	: 	: 	75 	59 	56 	96 
A	ICCS07031	T	NR	HR	: 	: 	: 	: 	: 	: 	: 	: 	: 	: 	: 	: 	7 	6 	5 	3 
A	ICCS07031	T	NR	HU	: 	: 	: 	: 	: 	: 	: 	: 	: 	: 	: 	: 	105 	250 	83 	114 
A	ICCS07031	T	NR	IT	: 	: 	: 	: 	: 	: 	: 	: 	: 	: 	: 	: 	306 	309 	337 	334 
A	ICCS07031	T	NR	LT	: 	: 	: 	: 	: 	: 	: 	: 	: 	: 	: 	: 	3 	1 	2 	4 
A	ICCS07031	T	NR	LV	: 	: 	: 	: 	: 	: 	: 	: 	: 	: 	: 	: 	10 	16 	13 	15 
A	ICCS07031	T	NR	ME	: 	: 	: 	: 	: 	: 	: 	: 	: 	: 	: 	: 	0 	0 	0 	0 
A	ICCS07031	T	NR	MT	: 	: 	: 	: 	: 	: 	: 	: 	: 	: 	: 	: 	0 	0 	0 	0 
A	ICCS07031	T	NR	PL	: 	: 	: 	: 	: 	: 	: 	: 	: 	: 	: 	: 	158 	137 	133 	167 
A	ICCS07031	T	NR	PT	: 	: 	: 	: 	: 	: 	: 	: 	: 	: 	: 	: 	22 	27 	27 	36 
A	ICCS07031	T	NR	RO	: 	: 	: 	: 	: 	: 	: 	: 	: 	: 	: 	: 	55 	68 	62 	62 
A	ICCS07031	T	NR	RS	: 	: 	: 	: 	: 	: 	: 	: 	: 	: 	: 	: 	22 	23 	15 	10 
A	ICCS07031	T	NR	SE	: 	: 	: 	: 	: 	: 	: 	: 	: 	: 	: 	: 	1 	2 	0 	2 
A	ICCS07031	T	NR	SI	: 	: 	: 	: 	: 	: 	: 	: 	: 	: 	: 	: 	31 	20 	19 	2 
A	ICCS07031	T	NR	SK	: 	: 	: 	: 	: 	: 	: 	: 	: 	: 	: 	: 	7 	10 	10 	10 
A	ICCS07031	T	NR	TR	: 	: 	: 	: 	: 	: 	: 	: 	: 	: 	: 	: 	216 	242 	260 	256 
A	ICCS07031	T	NR	XK	: 	: 	: 	: 	: 	: 	: 	: 	: 	: 	: 	: 	13 	: 	: 	: 
A	ICCS07031	T	P_HTHAB	AL	: 	: 	: 	: 	: 	: 	: 	: 	: 	: 	: 	: 	0.32 	0.35 	2.33 	4.67 
A	ICCS07031	T	P_HTHAB	AT	: 	: 	: 	: 	: 	: 	: 	: 	: 	: 	: 	: 	0.03 	0.08 	0.13 	0.08 
A	ICCS07031	T	P_HTHAB	BG	: 	: 	: 	: 	: 	: 	: 	: 	: 	: 	: 	: 	0.08 	0.09 	0.11 	0.14 
A	ICCS07031	T	P_HTHAB	CH	: 	: 	: 	: 	: 	: 	: 	: 	: 	: 	: 	: 	0.00 	0.00 	0.01 	: 
A	ICCS07031	T	P_HTHAB	CY	: 	: 	: 	: 	: 	: 	: 	: 	: 	: 	: 	: 	: 	: 	0.00 	: 
A	ICCS07031	T	P_HTHAB	CZ	: 	: 	: 	: 	: 	: 	: 	: 	: 	: 	: 	: 	38.16 	0.20 	0.35 	0.19 
A	ICCS07031	T	P_HTHAB	DE	: 	: 	: 	: 	: 	: 	: 	: 	: 	: 	: 	: 	0.03 	0.02 	0.02 	0.03 
A	ICCS07031	T	P_HTHAB	EE	: 	: 	: 	: 	: 	: 	: 	: 	: 	: 	: 	: 	0.15 	0.23 	0.08 	0.07 
A	ICCS07031	T	P_HTHAB	EL	: 	: 	: 	: 	: 	: 	: 	: 	: 	: 	: 	: 	0.07 	0.11 	0.06 	0.05 
A	ICCS07031	T	P_HTHAB	ES	: 	: 	: 	: 	: 	: 	: 	: 	: 	: 	: 	: 	2.56 	2.47 	2.65 	2.62 
A	ICCS07031	T	P_HTHAB	FI	: 	: 	: 	: 	: 	: 	: 	: 	: 	: 	: 	: 	: 	: 	: 	0.00 
A	ICCS07031	T	P_HTHAB	FR	: 	: 	: 	: 	: 	: 	: 	: 	: 	: 	: 	: 	0.11 	0.09 	0.08 	0.14 
A	ICCS07031	T	P_HTHAB	HR	: 	: 	: 	: 	: 	: 	: 	: 	: 	: 	: 	: 	0.18 	0.15 	0.13 	0.08 
A	ICCS07031	T	P_HTHAB	HU	: 	: 	: 	: 	: 	: 	: 	: 	: 	: 	: 	: 	1.08 	2.59 	0.86 	1.19 
A	ICCS07031	T	P_HTHAB	IT	: 	: 	: 	: 	: 	: 	: 	: 	: 	: 	: 	: 	0.51 	0.52 	0.57 	0.57 
A	ICCS07031	T	P_HTHAB	LT	: 	: 	: 	: 	: 	: 	: 	: 	: 	: 	: 	: 	0.11 	0.04 	0.07 	0.14 
A	ICCS07031	T	P_HTHAB	LV	: 	: 	: 	: 	: 	: 	: 	: 	: 	: 	: 	: 	0.52 	0.85 	0.69 	0.80 
A	ICCS07031	T	P_HTHAB	ME	: 	: 	: 	: 	: 	: 	: 	: 	: 	: 	: 	: 	0.00 	0.00 	0.00 	0.00 
A	ICCS07031	T	P_HTHAB	MT	: 	: 	: 	: 	: 	: 	: 	: 	: 	: 	: 	: 	0.00 	0.00 	0.00 	0.00 
A	ICCS07031	T	P_HTHAB	PL	: 	: 	: 	: 	: 	: 	: 	: 	: 	: 	: 	: 	0.42 	0.37 	0.36 	0.45 
A	ICCS07031	T	P_HTHAB	PT	: 	: 	: 	: 	: 	: 	: 	: 	: 	: 	: 	: 	0.21 	0.26 	0.26 	0.34 
A	ICCS07031	T	P_HTHAB	RO	: 	: 	: 	: 	: 	: 	: 	: 	: 	: 	: 	: 	0.28 	0.35 	0.33 	0.33 
A	ICCS07031	T	P_HTHAB	RS	: 	: 	: 	: 	: 	: 	: 	: 	: 	: 	: 	: 	0.32 	0.33 	0.22 	0.15 
A	ICCS07031	T	P_HTHAB	SE	: 	: 	: 	: 	: 	: 	: 	: 	: 	: 	: 	: 	0.01 	0.02 	0.00 	0.02 
A	ICCS07031	T	P_HTHAB	SI	: 	: 	: 	: 	: 	: 	: 	: 	: 	: 	: 	: 	1.48 	0.95 	0.90 	0.09 
A	ICCS07031	T	P_HTHAB	SK	: 	: 	: 	: 	: 	: 	: 	: 	: 	: 	: 	: 	0.13 	0.18 	0.18 	0.18 
A	ICCS07031	T	P_HTHAB	TR	: 	: 	: 	: 	: 	: 	: 	: 	: 	: 	: 	: 	0.26 	0.29 	0.31 	0.30 
A	ICCS07031	T	P_HTHAB	XK	: 	: 	: 	: 	: 	: 	: 	: 	: 	: 	: 	: 	0.02 	: 	: 	: 
